# jiffy	clock	event	detail
0	0:0:6.2.5	INIT	level=0 row=16 col=11 dir=N second=6
1	0:0:6.3.0	TASK	run PLAYER
1	0:0:6.3.0	TASK	run LUKNEW
1	0:0:6.3.0	TASK	run HSLOW
1	0:0:6.3.0	TASK	run BURNER
1	0:0:6.3.0	TASK	run CREGEN
2	0:0:6.3.0	QUEUE	ready PLAYER
2	0:0:6.3.1	TASK	run PLAYER
3	0:0:6.3.1	QUEUE	ready PLAYER
3	0:0:6.3.2	TASK	run PLAYER
4	0:0:6.3.2	QUEUE	ready PLAYER
4	0:0:6.3.3	TASK	run PLAYER
5	0:0:6.3.3	QUEUE	ready PLAYER
5	0:0:6.3.4	TASK	run PLAYER
6	0:0:6.3.4	QUEUE	ready PLAYER
6	0:0:6.3.5	TASK	run PLAYER
7	0:0:6.3.5	QUEUE	ready PLAYER
7	0:0:6.4.0	TASK	run PLAYER
8	0:0:6.4.0	QUEUE	ready PLAYER
8	0:0:6.4.1	TASK	run PLAYER
9	0:0:6.4.1	QUEUE	ready PLAYER
9	0:0:6.4.2	TASK	run PLAYER
10	0:0:6.4.2	QUEUE	ready PLAYER
10	0:0:6.4.3	TASK	run PLAYER
11	0:0:6.4.3	QUEUE	ready PLAYER
11	0:0:6.4.4	TASK	run PLAYER
12	0:0:6.4.4	QUEUE	ready PLAYER
12	0:0:6.4.5	TASK	run PLAYER
13	0:0:6.4.5	QUEUE	ready PLAYER
13	0:0:6.5.0	TASK	run PLAYER
14	0:0:6.5.0	QUEUE	ready PLAYER
14	0:0:6.5.1	TASK	run PLAYER
15	0:0:6.5.1	QUEUE	ready PLAYER
15	0:0:6.5.2	TASK	run PLAYER
16	0:0:6.5.2	QUEUE	ready PLAYER
16	0:0:6.5.3	TASK	run PLAYER
17	0:0:6.5.3	QUEUE	ready PLAYER
17	0:0:6.5.4	TASK	run PLAYER
18	0:0:6.5.4	QUEUE	ready PLAYER
18	0:0:6.5.5	TASK	run PLAYER
19	0:0:6.5.5	QUEUE	ready PLAYER
19	0:0:6.5.0	QUEUE	ready LUKNEW
19	0:0:6.6.0	TASK	run PLAYER
19	0:0:6.6.0	TASK	run LUKNEW
20	0:0:6.6.0	QUEUE	ready PLAYER
20	0:0:6.6.1	TASK	run PLAYER
21	0:0:6.6.1	QUEUE	ready PLAYER
21	0:0:6.6.2	TASK	run PLAYER
22	0:0:6.6.2	QUEUE	ready PLAYER
22	0:0:6.6.3	TASK	run PLAYER
23	0:0:6.6.3	QUEUE	ready PLAYER
23	0:0:6.6.4	TASK	run PLAYER
24	0:0:6.6.4	QUEUE	ready PLAYER
24	0:0:6.6.5	TASK	run PLAYER
25	0:0:6.6.5	QUEUE	ready PLAYER
25	0:0:6.7.0	TASK	run PLAYER
26	0:0:6.7.0	QUEUE	ready PLAYER
26	0:0:6.7.1	TASK	run PLAYER
27	0:0:6.7.1	QUEUE	ready PLAYER
27	0:0:6.7.2	TASK	run PLAYER
28	0:0:6.7.2	QUEUE	ready PLAYER
28	0:0:6.7.3	TASK	run PLAYER
29	0:0:6.7.3	QUEUE	ready PLAYER
29	0:0:6.7.4	TASK	run PLAYER
30	0:0:6.7.4	QUEUE	ready PLAYER
30	0:0:6.7.5	TASK	run PLAYER
31	0:0:6.7.5	QUEUE	ready PLAYER
31	0:0:6.8.0	TASK	run PLAYER
32	0:0:6.8.0	QUEUE	ready PLAYER
32	0:0:6.8.1	TASK	run PLAYER
33	0:0:6.8.1	QUEUE	ready PLAYER
33	0:0:6.8.2	TASK	run PLAYER
34	0:0:6.8.2	QUEUE	ready PLAYER
34	0:0:6.8.3	TASK	run PLAYER
35	0:0:6.8.3	QUEUE	ready PLAYER
35	0:0:6.8.4	TASK	run PLAYER
36	0:0:6.8.4	QUEUE	ready PLAYER
36	0:0:6.8.5	TASK	run PLAYER
37	0:0:6.8.5	QUEUE	ready PLAYER
37	0:0:6.8.0	QUEUE	ready LUKNEW
37	0:0:6.9.0	TASK	run PLAYER
37	0:0:6.9.0	TASK	run LUKNEW
38	0:0:6.9.0	QUEUE	ready PLAYER
38	0:0:6.9.1	TASK	run PLAYER
39	0:0:6.9.1	QUEUE	ready PLAYER
39	0:0:6.9.2	TASK	run PLAYER
40	0:0:6.9.2	QUEUE	ready PLAYER
40	0:0:6.9.3	TASK	run PLAYER
41	0:0:6.9.3	QUEUE	ready PLAYER
41	0:0:6.9.4	TASK	run PLAYER
42	0:0:6.9.4	QUEUE	ready PLAYER
42	0:0:6.9.5	TASK	run PLAYER
43	0:0:6.9.5	QUEUE	ready PLAYER
43	0:0:7.0.0	TASK	run PLAYER
44	0:0:7.0.0	QUEUE	ready PLAYER
44	0:0:7.0.1	TASK	run PLAYER
45	0:0:7.0.1	QUEUE	ready PLAYER
45	0:0:7.0.2	TASK	run PLAYER
46	0:0:7.0.2	QUEUE	ready PLAYER
46	0:0:7.0.3	TASK	run PLAYER
47	0:0:7.0.3	QUEUE	ready HSLOW
47	0:0:7.0.3	QUEUE	ready PLAYER
47	0:0:7.0.4	TASK	run HSLOW
47	0:0:7.0.4	TASK	run PLAYER
48	0:0:7.0.4	QUEUE	ready PLAYER
48	0:0:7.0.5	TASK	run PLAYER
49	0:0:7.0.5	QUEUE	ready PLAYER
49	0:0:7.1.0	TASK	run PLAYER
50	0:0:7.1.0	QUEUE	ready PLAYER
50	0:0:7.1.1	TASK	run PLAYER
51	0:0:7.1.1	QUEUE	ready PLAYER
51	0:0:7.1.2	TASK	run PLAYER
52	0:0:7.1.2	QUEUE	ready PLAYER
52	0:0:7.1.3	TASK	run PLAYER
53	0:0:7.1.3	QUEUE	ready PLAYER
53	0:0:7.1.4	TASK	run PLAYER
54	0:0:7.1.4	QUEUE	ready PLAYER
54	0:0:7.1.5	TASK	run PLAYER
55	0:0:7.1.5	QUEUE	ready PLAYER
55	0:0:7.1.0	QUEUE	ready LUKNEW
55	0:0:7.2.0	TASK	run PLAYER
55	0:0:7.2.0	TASK	run LUKNEW
56	0:0:7.2.0	QUEUE	ready PLAYER
56	0:0:7.2.1	TASK	run PLAYER
57	0:0:7.2.1	QUEUE	ready PLAYER
57	0:0:7.2.2	TASK	run PLAYER
58	0:0:7.2.2	QUEUE	ready PLAYER
58	0:0:7.2.3	TASK	run PLAYER
59	0:0:7.2.3	QUEUE	ready PLAYER
59	0:0:7.2.4	TASK	run PLAYER
60	0:0:7.2.4	QUEUE	ready PLAYER
60	0:0:7.2.5	TASK	run PLAYER
61	0:0:7.2.5	QUEUE	ready PLAYER
61	0:0:7.3.0	TASK	run PLAYER
62	0:0:7.3.0	QUEUE	ready PLAYER
62	0:0:7.3.1	TASK	run PLAYER
63	0:0:7.3.1	QUEUE	ready PLAYER
63	0:0:7.3.2	TASK	run PLAYER
64	0:0:7.3.2	QUEUE	ready PLAYER
64	0:0:7.3.3	TASK	run PLAYER
65	0:0:7.3.3	QUEUE	ready PLAYER
65	0:0:7.3.4	TASK	run PLAYER
66	0:0:7.3.4	QUEUE	ready PLAYER
66	0:0:7.3.5	TASK	run PLAYER
67	0:0:7.3.5	QUEUE	ready PLAYER
67	0:0:7.4.0	TASK	run PLAYER
68	0:0:7.4.0	QUEUE	ready PLAYER
68	0:0:7.4.1	TASK	run PLAYER
69	0:0:7.4.1	QUEUE	ready PLAYER
69	0:0:7.4.2	TASK	run PLAYER
70	0:0:7.4.2	QUEUE	ready PLAYER
70	0:0:7.4.3	TASK	run PLAYER
71	0:0:7.4.3	QUEUE	ready PLAYER
71	0:0:7.4.4	TASK	run PLAYER
72	0:0:7.4.4	QUEUE	ready PLAYER
72	0:0:7.4.5	TASK	run PLAYER
73	0:0:7.4.5	QUEUE	ready PLAYER
73	0:0:7.4.0	QUEUE	ready LUKNEW
73	0:0:7.5.0	TASK	run PLAYER
73	0:0:7.5.0	TASK	run LUKNEW
74	0:0:7.5.0	QUEUE	ready PLAYER
74	0:0:7.5.1	TASK	run PLAYER
75	0:0:7.5.1	QUEUE	ready PLAYER
75	0:0:7.5.2	TASK	run PLAYER
76	0:0:7.5.2	QUEUE	ready PLAYER
76	0:0:7.5.3	TASK	run PLAYER
77	0:0:7.5.3	QUEUE	ready PLAYER
77	0:0:7.5.4	TASK	run PLAYER
78	0:0:7.5.4	QUEUE	ready PLAYER
78	0:0:7.5.5	TASK	run PLAYER
79	0:0:7.5.5	QUEUE	ready PLAYER
79	0:0:7.6.0	TASK	run PLAYER
80	0:0:7.6.0	QUEUE	ready PLAYER
80	0:0:7.6.1	TASK	run PLAYER
81	0:0:7.6.1	QUEUE	ready PLAYER
81	0:0:7.6.2	TASK	run PLAYER
82	0:0:7.6.2	QUEUE	ready PLAYER
82	0:0:7.6.3	TASK	run PLAYER
83	0:0:7.6.3	QUEUE	ready PLAYER
83	0:0:7.6.4	TASK	run PLAYER
84	0:0:7.6.4	QUEUE	ready PLAYER
84	0:0:7.6.5	TASK	run PLAYER
85	0:0:7.6.5	QUEUE	ready PLAYER
85	0:0:7.6.0	QUEUE	ready CMOVE-6
85	0:0:7.6.0	QUEUE	ready CMOVE-7
85	0:0:7.6.0	QUEUE	ready CMOVE-8
85	0:0:7.6.0	QUEUE	ready CMOVE-9
85	0:0:7.6.0	QUEUE	ready CMOVE-10
85	0:0:7.6.0	QUEUE	ready CMOVE-11
85	0:0:7.6.0	QUEUE	ready CMOVE-12
85	0:0:7.6.0	QUEUE	ready CMOVE-13
85	0:0:7.6.0	QUEUE	ready CMOVE-14
85	0:0:7.7.0	TASK	run PLAYER
85	0:0:7.7.0	TASK	run CMOVE-6
85	0:0:7.7.0	TASK	run CMOVE-7
85	0:0:7.7.0	TASK	run CMOVE-8
85	0:0:7.7.0	SOUND	slot=8 silent
85	0:0:7.7.0	LOOK	slot=8
85	0:0:7.7.0	TASK	run CMOVE-9
85	0:0:7.7.0	TASK	run CMOVE-10
85	0:0:7.7.0	TASK	run CMOVE-11
85	0:0:7.7.0	TASK	run CMOVE-12
85	0:0:7.7.0	TASK	run CMOVE-13
85	0:0:7.7.0	TASK	run CMOVE-14
86	0:0:7.7.0	QUEUE	ready PLAYER
86	0:0:7.7.1	TASK	run PLAYER
87	0:0:7.7.1	QUEUE	ready PLAYER
87	0:0:7.7.2	TASK	run PLAYER
88	0:0:7.7.2	QUEUE	ready PLAYER
88	0:0:7.7.3	TASK	run PLAYER
89	0:0:7.7.3	QUEUE	ready PLAYER
89	0:0:7.7.4	TASK	run PLAYER
90	0:0:7.7.4	QUEUE	ready PLAYER
90	0:0:7.7.5	TASK	run PLAYER
91	0:0:7.7.5	QUEUE	ready PLAYER
91	0:0:7.7.0	QUEUE	ready LUKNEW
91	0:0:7.8.0	TASK	run PLAYER
91	0:0:7.8.0	TASK	run LUKNEW
92	0:0:7.8.0	QUEUE	ready PLAYER
92	0:0:7.8.1	TASK	run PLAYER
93	0:0:7.8.1	QUEUE	ready HSLOW
93	0:0:7.8.1	QUEUE	ready PLAYER
93	0:0:7.8.2	TASK	run HSLOW
93	0:0:7.8.2	TASK	run PLAYER
94	0:0:7.8.2	QUEUE	ready PLAYER
94	0:0:7.8.3	TASK	run PLAYER
95	0:0:7.8.3	QUEUE	ready PLAYER
95	0:0:7.8.4	TASK	run PLAYER
96	0:0:7.8.4	QUEUE	ready PLAYER
96	0:0:7.8.5	TASK	run PLAYER
97	0:0:7.8.5	QUEUE	ready PLAYER
97	0:0:7.9.0	TASK	run PLAYER
98	0:0:7.9.0	QUEUE	ready PLAYER
98	0:0:7.9.1	TASK	run PLAYER
99	0:0:7.9.1	QUEUE	ready PLAYER
99	0:0:7.9.2	TASK	run PLAYER
100	0:0:7.9.2	QUEUE	ready PLAYER
100	0:0:7.9.3	TASK	run PLAYER
101	0:0:7.9.3	QUEUE	ready PLAYER
101	0:0:7.9.4	TASK	run PLAYER
102	0:0:7.9.4	QUEUE	ready PLAYER
102	0:0:7.9.5	TASK	run PLAYER
103	0:0:7.9.5	QUEUE	ready PLAYER
103	0:0:8.0.0	TASK	run PLAYER
104	0:0:8.0.0	QUEUE	ready PLAYER
104	0:0:8.0.1	TASK	run PLAYER
105	0:0:8.0.1	QUEUE	ready PLAYER
105	0:0:8.0.2	TASK	run PLAYER
106	0:0:8.0.2	QUEUE	ready PLAYER
106	0:0:8.0.3	TASK	run PLAYER
107	0:0:8.0.3	QUEUE	ready PLAYER
107	0:0:8.0.4	TASK	run PLAYER
108	0:0:8.0.4	QUEUE	ready PLAYER
108	0:0:8.0.5	TASK	run PLAYER
109	0:0:8.0.5	QUEUE	ready PLAYER
109	0:0:8.0.0	QUEUE	ready LUKNEW
109	0:0:8.1.0	TASK	run PLAYER
109	0:0:8.1.0	TASK	run LUKNEW
110	0:0:8.1.0	QUEUE	ready PLAYER
110	0:0:8.1.1	TASK	run PLAYER
111	0:0:8.1.1	QUEUE	ready PLAYER
111	0:0:8.1.2	TASK	run PLAYER
112	0:0:8.1.2	QUEUE	ready PLAYER
112	0:0:8.1.3	TASK	run PLAYER
113	0:0:8.1.3	QUEUE	ready PLAYER
113	0:0:8.1.4	TASK	run PLAYER
114	0:0:8.1.4	QUEUE	ready PLAYER
114	0:0:8.1.5	TASK	run PLAYER
115	0:0:8.1.5	QUEUE	ready PLAYER
115	0:0:8.2.0	TASK	run PLAYER
116	0:0:8.2.0	QUEUE	ready PLAYER
116	0:0:8.2.1	TASK	run PLAYER
117	0:0:8.2.1	QUEUE	ready PLAYER
117	0:0:8.2.2	TASK	run PLAYER
118	0:0:8.2.2	QUEUE	ready PLAYER
118	0:0:8.2.3	TASK	run PLAYER
119	0:0:8.2.3	QUEUE	ready PLAYER
119	0:0:8.2.4	TASK	run PLAYER
120	0:0:8.2.4	QUEUE	ready PLAYER
120	0:0:8.2.5	TASK	run PLAYER
121	0:0:8.2.5	QUEUE	ready PLAYER
121	0:0:8.3.0	TASK	run PLAYER
122	0:0:8.3.0	QUEUE	ready PLAYER
122	0:0:8.3.1	TASK	run PLAYER
123	0:0:8.3.1	QUEUE	ready PLAYER
123	0:0:8.3.2	TASK	run PLAYER
124	0:0:8.3.2	QUEUE	ready PLAYER
124	0:0:8.3.3	TASK	run PLAYER
125	0:0:8.3.3	QUEUE	ready PLAYER
125	0:0:8.3.4	TASK	run PLAYER
126	0:0:8.3.4	QUEUE	ready PLAYER
126	0:0:8.3.5	TASK	run PLAYER
127	0:0:8.3.5	QUEUE	ready PLAYER
127	0:0:8.3.0	QUEUE	ready LUKNEW
127	0:0:8.4.0	TASK	run PLAYER
127	0:0:8.4.0	TASK	run LUKNEW
128	0:0:8.4.0	QUEUE	ready PLAYER
128	0:0:8.4.1	TASK	run PLAYER
129	0:0:8.4.1	QUEUE	ready PLAYER
129	0:0:8.4.2	TASK	run PLAYER
130	0:0:8.4.2	QUEUE	ready PLAYER
130	0:0:8.4.3	TASK	run PLAYER
131	0:0:8.4.3	QUEUE	ready PLAYER
131	0:0:8.4.4	TASK	run PLAYER
132	0:0:8.4.4	QUEUE	ready PLAYER
132	0:0:8.4.5	TASK	run PLAYER
133	0:0:8.4.5	QUEUE	ready PLAYER
133	0:0:8.4.0	QUEUE	ready CMOVE-15
133	0:0:8.4.0	QUEUE	ready CMOVE-16
133	0:0:8.4.0	QUEUE	ready CMOVE-17
133	0:0:8.4.0	QUEUE	ready CMOVE-18
133	0:0:8.4.0	QUEUE	ready CMOVE-19
133	0:0:8.4.0	QUEUE	ready CMOVE-20
133	0:0:8.4.0	QUEUE	ready CMOVE-21
133	0:0:8.4.0	QUEUE	ready CMOVE-22
133	0:0:8.4.0	QUEUE	ready CMOVE-23
133	0:0:8.5.0	TASK	run PLAYER
133	0:0:8.5.0	TASK	run CMOVE-15
133	0:0:8.5.0	TASK	run CMOVE-16
133	0:0:8.5.0	TASK	run CMOVE-17
133	0:0:8.5.0	TASK	run CMOVE-18
133	0:0:8.5.0	TASK	run CMOVE-19
133	0:0:8.5.0	TASK	run CMOVE-20
133	0:0:8.5.0	TASK	run CMOVE-21
133	0:0:8.5.0	TASK	run CMOVE-22
133	0:0:8.5.0	TASK	run CMOVE-23
134	0:0:8.5.0	QUEUE	ready PLAYER
134	0:0:8.5.1	TASK	run PLAYER
135	0:0:8.5.1	QUEUE	ready PLAYER
135	0:0:8.5.2	TASK	run PLAYER
136	0:0:8.5.2	QUEUE	ready PLAYER
136	0:0:8.5.3	TASK	run PLAYER
137	0:0:8.5.3	QUEUE	ready PLAYER
137	0:0:8.5.4	TASK	run PLAYER
138	0:0:8.5.4	QUEUE	ready PLAYER
138	0:0:8.5.5	TASK	run PLAYER
139	0:0:8.5.5	QUEUE	ready HSLOW
139	0:0:8.5.5	QUEUE	ready PLAYER
139	0:0:8.6.0	TASK	run HSLOW
139	0:0:8.6.0	TASK	run PLAYER
140	0:0:8.6.0	QUEUE	ready PLAYER
140	0:0:8.6.1	TASK	run PLAYER
141	0:0:8.6.1	QUEUE	ready PLAYER
141	0:0:8.6.2	TASK	run PLAYER
142	0:0:8.6.2	QUEUE	ready PLAYER
142	0:0:8.6.3	TASK	run PLAYER
143	0:0:8.6.3	QUEUE	ready PLAYER
143	0:0:8.6.4	TASK	run PLAYER
144	0:0:8.6.4	QUEUE	ready PLAYER
144	0:0:8.6.5	TASK	run PLAYER
145	0:0:8.6.5	QUEUE	ready PLAYER
145	0:0:8.6.0	QUEUE	ready LUKNEW
145	0:0:8.7.0	TASK	run PLAYER
145	0:0:8.7.0	TASK	run LUKNEW
146	0:0:8.7.0	QUEUE	ready PLAYER
146	0:0:8.7.1	TASK	run PLAYER
147	0:0:8.7.1	QUEUE	ready PLAYER
147	0:0:8.7.2	TASK	run PLAYER
148	0:0:8.7.2	QUEUE	ready PLAYER
148	0:0:8.7.3	TASK	run PLAYER
149	0:0:8.7.3	QUEUE	ready PLAYER
149	0:0:8.7.4	TASK	run PLAYER
150	0:0:8.7.4	QUEUE	ready PLAYER
150	0:0:8.7.5	TASK	run PLAYER
151	0:0:8.7.5	QUEUE	ready PLAYER
151	0:0:8.8.0	TASK	run PLAYER
152	0:0:8.8.0	QUEUE	ready PLAYER
152	0:0:8.8.1	TASK	run PLAYER
153	0:0:8.8.1	QUEUE	ready PLAYER
153	0:0:8.8.2	TASK	run PLAYER
154	0:0:8.8.2	QUEUE	ready PLAYER
154	0:0:8.8.3	TASK	run PLAYER
155	0:0:8.8.3	QUEUE	ready PLAYER
155	0:0:8.8.4	TASK	run PLAYER
156	0:0:8.8.4	QUEUE	ready PLAYER
156	0:0:8.8.5	TASK	run PLAYER
157	0:0:8.8.5	QUEUE	ready PLAYER
157	0:0:8.9.0	TASK	run PLAYER
158	0:0:8.9.0	QUEUE	ready PLAYER
158	0:0:8.9.1	TASK	run PLAYER
159	0:0:8.9.1	QUEUE	ready PLAYER
159	0:0:8.9.2	TASK	run PLAYER
160	0:0:8.9.2	QUEUE	ready PLAYER
160	0:0:8.9.3	TASK	run PLAYER
161	0:0:8.9.3	QUEUE	ready PLAYER
161	0:0:8.9.4	TASK	run PLAYER
162	0:0:8.9.4	QUEUE	ready PLAYER
162	0:0:8.9.5	TASK	run PLAYER
163	0:0:8.9.5	QUEUE	ready PLAYER
163	0:0:8.9.0	QUEUE	ready LUKNEW
163	0:0:9.0.0	TASK	run PLAYER
163	0:0:9.0.0	TASK	run LUKNEW
164	0:0:9.0.0	QUEUE	ready PLAYER
164	0:0:9.0.1	TASK	run PLAYER
165	0:0:9.0.1	QUEUE	ready PLAYER
165	0:0:9.0.2	TASK	run PLAYER
166	0:0:9.0.2	QUEUE	ready PLAYER
166	0:0:9.0.3	TASK	run PLAYER
167	0:0:9.0.3	QUEUE	ready PLAYER
167	0:0:9.0.4	TASK	run PLAYER
168	0:0:9.0.4	QUEUE	ready PLAYER
168	0:0:9.0.5	TASK	run PLAYER
169	0:0:9.0.5	QUEUE	ready PLAYER
169	0:0:9.0.0	QUEUE	ready CMOVE-2
169	0:0:9.0.0	QUEUE	ready CMOVE-3
169	0:0:9.0.0	QUEUE	ready CMOVE-4
169	0:0:9.0.0	QUEUE	ready CMOVE-5
169	0:0:9.1.0	TASK	run PLAYER
169	0:0:9.1.0	TASK	run CMOVE-2
169	0:0:9.1.0	TASK	run CMOVE-3
169	0:0:9.1.0	TASK	run CMOVE-4
169	0:0:9.1.0	SOUND	slot=4 silent
169	0:0:9.1.0	LOOK	slot=4
169	0:0:9.1.0	TASK	run CMOVE-5
169	0:0:9.1.0	SOUND	slot=5 type=2 vol=38
169	0:0:9.1.0	LOOK	slot=5
170	0:0:9.1.0	QUEUE	ready PLAYER
170	0:0:9.1.1	TASK	run PLAYER
171	0:0:9.1.1	QUEUE	ready PLAYER
171	0:0:9.1.2	TASK	run PLAYER
172	0:0:9.1.2	QUEUE	ready PLAYER
172	0:0:9.1.3	TASK	run PLAYER
173	0:0:9.1.3	QUEUE	ready PLAYER
173	0:0:9.1.4	TASK	run PLAYER
174	0:0:9.1.4	QUEUE	ready PLAYER
174	0:0:9.1.5	TASK	run PLAYER
175	0:0:9.1.5	QUEUE	ready PLAYER
175	0:0:9.1.0	QUEUE	ready CMOVE-6
175	0:0:9.1.0	QUEUE	ready CMOVE-7
175	0:0:9.1.0	QUEUE	ready CMOVE-8
175	0:0:9.1.0	QUEUE	ready CMOVE-9
175	0:0:9.1.0	QUEUE	ready CMOVE-10
175	0:0:9.1.0	QUEUE	ready CMOVE-11
175	0:0:9.1.0	QUEUE	ready CMOVE-12
175	0:0:9.1.0	QUEUE	ready CMOVE-13
175	0:0:9.1.0	QUEUE	ready CMOVE-14
175	0:0:9.2.0	TASK	run PLAYER
175	0:0:9.2.0	TASK	run CMOVE-6
175	0:0:9.2.0	TASK	run CMOVE-7
175	0:0:9.2.0	TASK	run CMOVE-8
175	0:0:9.2.0	SOUND	slot=8 type=1 vol=131
175	0:0:9.2.0	LOOK	slot=8
175	0:0:9.2.0	TASK	run CMOVE-9
175	0:0:9.2.0	TASK	run CMOVE-10
175	0:0:9.2.0	TASK	run CMOVE-11
175	0:0:9.2.0	TASK	run CMOVE-12
175	0:0:9.2.0	TASK	run CMOVE-13
175	0:0:9.2.0	TASK	run CMOVE-14
176	0:0:9.2.0	QUEUE	ready PLAYER
176	0:0:9.2.1	TASK	run PLAYER
177	0:0:9.2.1	QUEUE	ready PLAYER
177	0:0:9.2.2	TASK	run PLAYER
178	0:0:9.2.2	QUEUE	ready PLAYER
178	0:0:9.2.3	TASK	run PLAYER
179	0:0:9.2.3	QUEUE	ready PLAYER
179	0:0:9.2.4	TASK	run PLAYER
180	0:0:9.2.4	QUEUE	ready PLAYER
180	0:0:9.2.5	TASK	run PLAYER
181	0:0:9.2.5	QUEUE	ready PLAYER
181	0:0:9.2.0	QUEUE	ready CMOVE-0
181	0:0:9.2.0	QUEUE	ready CMOVE-1
181	0:0:9.2.0	QUEUE	ready LUKNEW
181	0:0:9.3.0	TASK	run PLAYER
181	0:0:9.3.0	TASK	run CMOVE-0
181	0:0:9.3.0	TASK	run CMOVE-1
181	0:0:9.3.0	TASK	run LUKNEW
182	0:0:9.3.0	QUEUE	ready PLAYER
182	0:0:9.3.1	TASK	run PLAYER
183	0:0:9.3.1	QUEUE	ready PLAYER
183	0:0:9.3.2	TASK	run PLAYER
184	0:0:9.3.2	QUEUE	ready PLAYER
184	0:0:9.3.3	TASK	run PLAYER
185	0:0:9.3.3	QUEUE	ready HSLOW
185	0:0:9.3.3	QUEUE	ready PLAYER
185	0:0:9.3.4	TASK	run HSLOW
185	0:0:9.3.4	TASK	run PLAYER
186	0:0:9.3.4	QUEUE	ready PLAYER
186	0:0:9.3.5	TASK	run PLAYER
187	0:0:9.3.5	QUEUE	ready PLAYER
187	0:0:9.4.0	TASK	run PLAYER
188	0:0:9.4.0	QUEUE	ready PLAYER
188	0:0:9.4.1	TASK	run PLAYER
189	0:0:9.4.1	QUEUE	ready PLAYER
189	0:0:9.4.2	TASK	run PLAYER
190	0:0:9.4.2	QUEUE	ready PLAYER
190	0:0:9.4.3	TASK	run PLAYER
191	0:0:9.4.3	QUEUE	ready PLAYER
191	0:0:9.4.4	TASK	run PLAYER
192	0:0:9.4.4	QUEUE	ready PLAYER
192	0:0:9.4.5	TASK	run PLAYER
193	0:0:9.4.5	QUEUE	ready PLAYER
193	0:0:9.5.0	TASK	run PLAYER
194	0:0:9.5.0	QUEUE	ready PLAYER
194	0:0:9.5.1	TASK	run PLAYER
195	0:0:9.5.1	QUEUE	ready PLAYER
195	0:0:9.5.2	TASK	run PLAYER
196	0:0:9.5.2	QUEUE	ready PLAYER
196	0:0:9.5.3	TASK	run PLAYER
197	0:0:9.5.3	QUEUE	ready PLAYER
197	0:0:9.5.4	TASK	run PLAYER
198	0:0:9.5.4	QUEUE	ready PLAYER
198	0:0:9.5.5	TASK	run PLAYER
199	0:0:9.5.5	QUEUE	ready PLAYER
199	0:0:9.5.0	QUEUE	ready LUKNEW
199	0:0:9.6.0	TASK	run PLAYER
199	0:0:9.6.0	TASK	run LUKNEW
200	0:0:9.6.0	QUEUE	ready PLAYER
200	0:0:9.6.1	TASK	run PLAYER
201	0:0:9.6.1	QUEUE	ready PLAYER
201	0:0:9.6.2	TASK	run PLAYER
202	0:0:9.6.2	QUEUE	ready PLAYER
202	0:0:9.6.3	TASK	run PLAYER
203	0:0:9.6.3	QUEUE	ready PLAYER
203	0:0:9.6.4	TASK	run PLAYER
204	0:0:9.6.4	QUEUE	ready PLAYER
204	0:0:9.6.5	TASK	run PLAYER
205	0:0:9.6.5	QUEUE	ready PLAYER
205	0:0:9.7.0	TASK	run PLAYER
206	0:0:9.7.0	QUEUE	ready PLAYER
206	0:0:9.7.1	TASK	run PLAYER
207	0:0:9.7.1	QUEUE	ready PLAYER
207	0:0:9.7.2	TASK	run PLAYER
208	0:0:9.7.2	QUEUE	ready PLAYER
208	0:0:9.7.3	TASK	run PLAYER
209	0:0:9.7.3	QUEUE	ready PLAYER
209	0:0:9.7.4	TASK	run PLAYER
210	0:0:9.7.4	QUEUE	ready PLAYER
210	0:0:9.7.5	TASK	run PLAYER
211	0:0:9.7.5	QUEUE	ready PLAYER
211	0:0:9.8.0	TASK	run PLAYER
212	0:0:9.8.0	QUEUE	ready PLAYER
212	0:0:9.8.1	TASK	run PLAYER
213	0:0:9.8.1	QUEUE	ready PLAYER
213	0:0:9.8.2	TASK	run PLAYER
214	0:0:9.8.2	QUEUE	ready PLAYER
214	0:0:9.8.3	TASK	run PLAYER
215	0:0:9.8.3	QUEUE	ready PLAYER
215	0:0:9.8.4	TASK	run PLAYER
216	0:0:9.8.4	QUEUE	ready PLAYER
216	0:0:9.8.5	TASK	run PLAYER
217	0:0:9.8.5	QUEUE	ready PLAYER
217	0:0:9.8.0	QUEUE	ready LUKNEW
217	0:0:9.9.0	TASK	run PLAYER
217	0:0:9.9.0	TASK	run LUKNEW
218	0:0:9.9.0	QUEUE	ready PLAYER
218	0:0:9.9.1	TASK	run PLAYER
219	0:0:9.9.1	QUEUE	ready PLAYER
219	0:0:9.9.2	TASK	run PLAYER
220	0:0:9.9.2	QUEUE	ready PLAYER
220	0:0:9.9.3	TASK	run PLAYER
221	0:0:9.9.3	QUEUE	ready PLAYER
221	0:0:9.9.4	TASK	run PLAYER
222	0:0:9.9.4	QUEUE	ready PLAYER
222	0:0:9.9.5	TASK	run PLAYER
223	0:0:9.9.5	QUEUE	ready PLAYER
223	0:0:10.0.0	TASK	run PLAYER
224	0:0:10.0.0	QUEUE	ready PLAYER
224	0:0:10.0.1	TASK	run PLAYER
225	0:0:10.0.1	QUEUE	ready PLAYER
225	0:0:10.0.2	TASK	run PLAYER
226	0:0:10.0.2	QUEUE	ready PLAYER
226	0:0:10.0.3	TASK	run PLAYER
227	0:0:10.0.3	QUEUE	ready PLAYER
227	0:0:10.0.4	TASK	run PLAYER
228	0:0:10.0.4	QUEUE	ready PLAYER
228	0:0:10.0.5	TASK	run PLAYER
229	0:0:10.0.5	QUEUE	ready PLAYER
229	0:0:10.1.0	TASK	run PLAYER
230	0:0:10.1.0	QUEUE	ready PLAYER
230	0:0:10.1.1	TASK	run PLAYER
231	0:0:10.1.1	QUEUE	ready HSLOW
231	0:0:10.1.1	QUEUE	ready PLAYER
231	0:0:10.1.2	TASK	run HSLOW
231	0:0:10.1.2	TASK	run PLAYER
232	0:0:10.1.2	QUEUE	ready PLAYER
232	0:0:10.1.3	TASK	run PLAYER
233	0:0:10.1.3	QUEUE	ready PLAYER
233	0:0:10.1.4	TASK	run PLAYER
234	0:0:10.1.4	QUEUE	ready PLAYER
234	0:0:10.1.5	TASK	run PLAYER
235	0:0:10.1.5	QUEUE	ready PLAYER
235	0:0:10.1.0	QUEUE	ready LUKNEW
235	0:0:10.2.0	TASK	run PLAYER
235	0:0:10.2.0	TASK	run LUKNEW
236	0:0:10.2.0	QUEUE	ready PLAYER
236	0:0:10.2.1	TASK	run PLAYER
237	0:0:10.2.1	QUEUE	ready PLAYER
237	0:0:10.2.2	TASK	run PLAYER
238	0:0:10.2.2	QUEUE	ready PLAYER
238	0:0:10.2.3	TASK	run PLAYER
239	0:0:10.2.3	QUEUE	ready PLAYER
239	0:0:10.2.4	TASK	run PLAYER
240	0:0:10.2.4	QUEUE	ready PLAYER
240	0:0:10.2.5	TASK	run PLAYER
241	0:0:10.2.5	QUEUE	ready PLAYER
241	0:0:10.3.0	TASK	run PLAYER
242	0:0:10.3.0	QUEUE	ready PLAYER
242	0:0:10.3.1	TASK	run PLAYER
243	0:0:10.3.1	QUEUE	ready PLAYER
243	0:0:10.3.2	TASK	run PLAYER
244	0:0:10.3.2	QUEUE	ready PLAYER
244	0:0:10.3.3	TASK	run PLAYER
245	0:0:10.3.3	QUEUE	ready PLAYER
245	0:0:10.3.4	TASK	run PLAYER
246	0:0:10.3.4	QUEUE	ready PLAYER
246	0:0:10.3.5	TASK	run PLAYER
247	0:0:10.3.5	QUEUE	ready PLAYER
247	0:0:10.4.0	TASK	run PLAYER
248	0:0:10.4.0	QUEUE	ready PLAYER
248	0:0:10.4.1	TASK	run PLAYER
249	0:0:10.4.1	QUEUE	ready PLAYER
249	0:0:10.4.2	TASK	run PLAYER
250	0:0:10.4.2	QUEUE	ready PLAYER
250	0:0:10.4.3	TASK	run PLAYER
251	0:0:10.4.3	QUEUE	ready PLAYER
251	0:0:10.4.4	TASK	run PLAYER
252	0:0:10.4.4	QUEUE	ready PLAYER
252	0:0:10.4.5	TASK	run PLAYER
253	0:0:10.4.5	QUEUE	ready PLAYER
253	0:0:10.4.0	QUEUE	ready LUKNEW
253	0:0:10.5.0	TASK	run PLAYER
253	0:0:10.5.0	TASK	run LUKNEW
254	0:0:10.5.0	QUEUE	ready PLAYER
254	0:0:10.5.1	TASK	run PLAYER
255	0:0:10.5.1	QUEUE	ready PLAYER
255	0:0:10.5.2	TASK	run PLAYER
256	0:0:10.5.2	QUEUE	ready PLAYER
256	0:0:10.5.3	TASK	run PLAYER
257	0:0:10.5.3	QUEUE	ready PLAYER
257	0:0:10.5.4	TASK	run PLAYER
258	0:0:10.5.4	QUEUE	ready PLAYER
258	0:0:10.5.5	TASK	run PLAYER
259	0:0:10.5.5	QUEUE	ready PLAYER
259	0:0:10.6.0	TASK	run PLAYER
260	0:0:10.6.0	QUEUE	ready PLAYER
260	0:0:10.6.1	TASK	run PLAYER
261	0:0:10.6.1	QUEUE	ready PLAYER
261	0:0:10.6.2	TASK	run PLAYER
262	0:0:10.6.2	QUEUE	ready PLAYER
262	0:0:10.6.3	TASK	run PLAYER
263	0:0:10.6.3	QUEUE	ready PLAYER
263	0:0:10.6.4	TASK	run PLAYER
264	0:0:10.6.4	QUEUE	ready PLAYER
264	0:0:10.6.5	TASK	run PLAYER
265	0:0:10.6.5	QUEUE	ready PLAYER
265	0:0:10.6.0	QUEUE	ready CMOVE-6
265	0:0:10.6.0	QUEUE	ready CMOVE-7
265	0:0:10.6.0	QUEUE	ready CMOVE-8
265	0:0:10.6.0	QUEUE	ready CMOVE-9
265	0:0:10.6.0	QUEUE	ready CMOVE-10
265	0:0:10.6.0	QUEUE	ready CMOVE-11
265	0:0:10.6.0	QUEUE	ready CMOVE-12
265	0:0:10.6.0	QUEUE	ready CMOVE-13
265	0:0:10.6.0	QUEUE	ready CMOVE-14
265	0:0:10.7.0	TASK	run PLAYER
265	0:0:10.7.0	TASK	run CMOVE-6
265	0:0:10.7.0	TASK	run CMOVE-7
265	0:0:10.7.0	TASK	run CMOVE-8
265	0:0:10.7.0	SOUND	slot=8 silent
265	0:0:10.7.0	LOOK	slot=8
265	0:0:10.7.0	TASK	run CMOVE-9
265	0:0:10.7.0	TASK	run CMOVE-10
265	0:0:10.7.0	TASK	run CMOVE-11
265	0:0:10.7.0	TASK	run CMOVE-12
265	0:0:10.7.0	TASK	run CMOVE-13
265	0:0:10.7.0	TASK	run CMOVE-14
266	0:0:10.7.0	QUEUE	ready PLAYER
266	0:0:10.7.1	TASK	run PLAYER
267	0:0:10.7.1	QUEUE	ready PLAYER
267	0:0:10.7.2	TASK	run PLAYER
268	0:0:10.7.2	QUEUE	ready PLAYER
268	0:0:10.7.3	TASK	run PLAYER
269	0:0:10.7.3	QUEUE	ready PLAYER
269	0:0:10.7.4	TASK	run PLAYER
270	0:0:10.7.4	QUEUE	ready PLAYER
270	0:0:10.7.5	TASK	run PLAYER
271	0:0:10.7.5	QUEUE	ready PLAYER
271	0:0:10.7.0	QUEUE	ready CMOVE-15
271	0:0:10.7.0	QUEUE	ready CMOVE-16
271	0:0:10.7.0	QUEUE	ready CMOVE-17
271	0:0:10.7.0	QUEUE	ready CMOVE-18
271	0:0:10.7.0	QUEUE	ready CMOVE-19
271	0:0:10.7.0	QUEUE	ready CMOVE-20
271	0:0:10.7.0	QUEUE	ready CMOVE-21
271	0:0:10.7.0	QUEUE	ready CMOVE-22
271	0:0:10.7.0	QUEUE	ready CMOVE-23
271	0:0:10.7.0	QUEUE	ready LUKNEW
271	0:0:10.8.0	TASK	run PLAYER
271	0:0:10.8.0	TASK	run CMOVE-15
271	0:0:10.8.0	TASK	run CMOVE-16
271	0:0:10.8.0	TASK	run CMOVE-17
271	0:0:10.8.0	SOUND	slot=17 type=0 vol=131
271	0:0:10.8.0	LOOK	slot=17
271	0:0:10.8.0	TASK	run CMOVE-18
271	0:0:10.8.0	TASK	run CMOVE-19
271	0:0:10.8.0	TASK	run CMOVE-20
271	0:0:10.8.0	TASK	run CMOVE-21
271	0:0:10.8.0	TASK	run CMOVE-22
271	0:0:10.8.0	TASK	run CMOVE-23
271	0:0:10.8.0	TASK	run LUKNEW
272	0:0:10.8.0	QUEUE	ready PLAYER
272	0:0:10.8.1	TASK	run PLAYER
273	0:0:10.8.1	QUEUE	ready PLAYER
273	0:0:10.8.2	TASK	run PLAYER
274	0:0:10.8.2	QUEUE	ready PLAYER
274	0:0:10.8.3	TASK	run PLAYER
275	0:0:10.8.3	QUEUE	ready PLAYER
275	0:0:10.8.4	TASK	run PLAYER
276	0:0:10.8.4	QUEUE	ready PLAYER
276	0:0:10.8.5	TASK	run PLAYER
277	0:0:10.8.5	QUEUE	ready HSLOW
277	0:0:10.8.5	QUEUE	ready PLAYER
277	0:0:10.9.0	TASK	run HSLOW
277	0:0:10.9.0	TASK	run PLAYER
278	0:0:10.9.0	QUEUE	ready PLAYER
278	0:0:10.9.1	TASK	run PLAYER
279	0:0:10.9.1	QUEUE	ready PLAYER
279	0:0:10.9.2	TASK	run PLAYER
280	0:0:10.9.2	QUEUE	ready PLAYER
280	0:0:10.9.3	TASK	run PLAYER
281	0:0:10.9.3	QUEUE	ready PLAYER
281	0:0:10.9.4	TASK	run PLAYER
282	0:0:10.9.4	QUEUE	ready PLAYER
282	0:0:10.9.5	TASK	run PLAYER
283	0:0:10.9.5	QUEUE	ready PLAYER
283	0:0:11.0.0	TASK	run PLAYER
284	0:0:11.0.0	QUEUE	ready PLAYER
284	0:0:11.0.1	TASK	run PLAYER
285	0:0:11.0.1	QUEUE	ready PLAYER
285	0:0:11.0.2	TASK	run PLAYER
286	0:0:11.0.2	QUEUE	ready PLAYER
286	0:0:11.0.3	TASK	run PLAYER
287	0:0:11.0.3	QUEUE	ready PLAYER
287	0:0:11.0.4	TASK	run PLAYER
288	0:0:11.0.4	QUEUE	ready PLAYER
288	0:0:11.0.5	TASK	run PLAYER
289	0:0:11.0.5	QUEUE	ready PLAYER
289	0:0:11.0.0	QUEUE	ready LUKNEW
289	0:0:11.1.0	TASK	run PLAYER
289	0:0:11.1.0	TASK	run LUKNEW
290	0:0:11.1.0	QUEUE	ready PLAYER
290	0:0:11.1.1	TASK	run PLAYER
291	0:0:11.1.1	QUEUE	ready PLAYER
291	0:0:11.1.2	TASK	run PLAYER
292	0:0:11.1.2	QUEUE	ready PLAYER
292	0:0:11.1.3	TASK	run PLAYER
293	0:0:11.1.3	QUEUE	ready PLAYER
293	0:0:11.1.4	TASK	run PLAYER
294	0:0:11.1.4	QUEUE	ready PLAYER
294	0:0:11.1.5	TASK	run PLAYER
295	0:0:11.1.5	QUEUE	ready PLAYER
295	0:0:11.2.0	TASK	run PLAYER
296	0:0:11.2.0	QUEUE	ready PLAYER
296	0:0:11.2.1	TASK	run PLAYER
297	0:0:11.2.1	QUEUE	ready PLAYER
297	0:0:11.2.2	TASK	run PLAYER
298	0:0:11.2.2	QUEUE	ready PLAYER
298	0:0:11.2.3	TASK	run PLAYER
299	0:0:11.2.3	QUEUE	ready PLAYER
299	0:0:11.2.4	TASK	run PLAYER
300	0:0:11.2.4	QUEUE	ready PLAYER
300	0:0:11.2.5	TASK	run PLAYER
301	0:0:11.2.5	QUEUE	ready PLAYER
301	0:0:11.3.0	TASK	run PLAYER
302	0:0:11.3.0	QUEUE	ready PLAYER
302	0:0:11.3.1	TASK	run PLAYER
303	0:0:11.3.1	QUEUE	ready PLAYER
303	0:0:11.3.2	TASK	run PLAYER
304	0:0:11.3.2	QUEUE	ready PLAYER
304	0:0:11.3.3	TASK	run PLAYER
305	0:0:11.3.3	QUEUE	ready PLAYER
305	0:0:11.3.4	TASK	run PLAYER
306	0:0:11.3.4	QUEUE	ready PLAYER
306	0:0:11.3.5	TASK	run PLAYER
307	0:0:11.3.5	QUEUE	ready PLAYER
307	0:0:11.3.0	QUEUE	ready LUKNEW
307	0:0:11.4.0	TASK	run PLAYER
307	0:0:11.4.0	TASK	run LUKNEW
308	0:0:11.4.0	QUEUE	ready PLAYER
308	0:0:11.4.1	TASK	run PLAYER
309	0:0:11.4.1	QUEUE	ready PLAYER
309	0:0:11.4.2	TASK	run PLAYER
310	0:0:11.4.2	QUEUE	ready PLAYER
310	0:0:11.4.3	TASK	run PLAYER
311	0:0:11.4.3	QUEUE	ready PLAYER
311	0:0:11.4.4	TASK	run PLAYER
312	0:0:11.4.4	QUEUE	ready PLAYER
312	0:0:11.4.5	TASK	run PLAYER
313	0:0:11.4.5	QUEUE	ready PLAYER
313	0:0:11.5.0	TASK	run PLAYER
314	0:0:11.5.0	QUEUE	ready PLAYER
314	0:0:11.5.1	TASK	run PLAYER
315	0:0:11.5.1	QUEUE	ready PLAYER
315	0:0:11.5.2	TASK	run PLAYER
316	0:0:11.5.2	QUEUE	ready PLAYER
316	0:0:11.5.3	TASK	run PLAYER
317	0:0:11.5.3	QUEUE	ready PLAYER
317	0:0:11.5.4	TASK	run PLAYER
318	0:0:11.5.4	QUEUE	ready PLAYER
318	0:0:11.5.5	TASK	run PLAYER
319	0:0:11.5.5	QUEUE	ready PLAYER
319	0:0:11.6.0	TASK	run PLAYER
320	0:0:11.6.0	QUEUE	ready PLAYER
320	0:0:11.6.1	TASK	run PLAYER
321	0:0:11.6.1	QUEUE	ready PLAYER
321	0:0:11.6.2	TASK	run PLAYER
322	0:0:11.6.2	QUEUE	ready PLAYER
322	0:0:11.6.3	TASK	run PLAYER
323	0:0:11.6.3	QUEUE	ready HSLOW
323	0:0:11.6.3	QUEUE	ready PLAYER
323	0:0:11.6.4	TASK	run HSLOW
323	0:0:11.6.4	TASK	run PLAYER
324	0:0:11.6.4	QUEUE	ready PLAYER
324	0:0:11.6.5	TASK	run PLAYER
325	0:0:11.6.5	QUEUE	ready PLAYER
325	0:0:11.6.0	QUEUE	ready LUKNEW
325	0:0:11.7.0	TASK	run PLAYER
325	0:0:11.7.0	TASK	run LUKNEW
326	0:0:11.7.0	QUEUE	ready PLAYER
326	0:0:11.7.1	TASK	run PLAYER
327	0:0:11.7.1	QUEUE	ready PLAYER
327	0:0:11.7.2	TASK	run PLAYER
328	0:0:11.7.2	QUEUE	ready PLAYER
328	0:0:11.7.3	TASK	run PLAYER
329	0:0:11.7.3	QUEUE	ready PLAYER
329	0:0:11.7.4	TASK	run PLAYER
330	0:0:11.7.4	QUEUE	ready PLAYER
330	0:0:11.7.5	TASK	run PLAYER
331	0:0:11.7.5	QUEUE	ready PLAYER
331	0:0:11.8.0	TASK	run PLAYER
332	0:0:11.8.0	QUEUE	ready PLAYER
332	0:0:11.8.1	TASK	run PLAYER
333	0:0:11.8.1	QUEUE	ready PLAYER
333	0:0:11.8.2	TASK	run PLAYER
334	0:0:11.8.2	QUEUE	ready PLAYER
334	0:0:11.8.3	TASK	run PLAYER
335	0:0:11.8.3	QUEUE	ready PLAYER
335	0:0:11.8.4	TASK	run PLAYER
336	0:0:11.8.4	QUEUE	ready PLAYER
336	0:0:11.8.5	TASK	run PLAYER
337	0:0:11.8.5	QUEUE	ready PLAYER
337	0:0:11.9.0	TASK	run PLAYER
338	0:0:11.9.0	QUEUE	ready PLAYER
338	0:0:11.9.1	TASK	run PLAYER
339	0:0:11.9.1	QUEUE	ready PLAYER
339	0:0:11.9.2	TASK	run PLAYER
340	0:0:11.9.2	QUEUE	ready PLAYER
340	0:0:11.9.3	TASK	run PLAYER
341	0:0:11.9.3	QUEUE	ready PLAYER
341	0:0:11.9.4	TASK	run PLAYER
342	0:0:11.9.4	QUEUE	ready PLAYER
342	0:0:11.9.5	TASK	run PLAYER
343	0:0:11.9.5	QUEUE	ready PLAYER
343	0:0:11.9.0	QUEUE	ready CMOVE-2
343	0:0:11.9.0	QUEUE	ready CMOVE-3
343	0:0:11.9.0	QUEUE	ready CMOVE-4
343	0:0:11.9.0	QUEUE	ready CMOVE-5
343	0:0:11.9.0	QUEUE	ready LUKNEW
343	0:0:12.0.0	TASK	run PLAYER
343	0:0:12.0.0	TASK	run CMOVE-2
343	0:0:12.0.0	TASK	run CMOVE-3
343	0:0:12.0.0	TASK	run CMOVE-4
343	0:0:12.0.0	SOUND	slot=4 silent
343	0:0:12.0.0	LOOK	slot=4
343	0:0:12.0.0	TASK	run CMOVE-5
343	0:0:12.0.0	SOUND	slot=5 silent
343	0:0:12.0.0	LOOK	slot=5
343	0:0:12.0.0	TASK	run LUKNEW
344	0:0:12.0.0	QUEUE	ready PLAYER
344	0:0:12.0.1	TASK	run PLAYER
345	0:0:12.0.1	QUEUE	ready PLAYER
345	0:0:12.0.2	TASK	run PLAYER
346	0:0:12.0.2	QUEUE	ready PLAYER
346	0:0:12.0.3	TASK	run PLAYER
347	0:0:12.0.3	QUEUE	ready PLAYER
347	0:0:12.0.4	TASK	run PLAYER
348	0:0:12.0.4	QUEUE	ready PLAYER
348	0:0:12.0.5	TASK	run PLAYER
349	0:0:12.0.5	QUEUE	ready PLAYER
349	0:0:12.1.0	TASK	run PLAYER
350	0:0:12.1.0	QUEUE	ready PLAYER
350	0:0:12.1.1	TASK	run PLAYER
351	0:0:12.1.1	QUEUE	ready PLAYER
351	0:0:12.1.2	TASK	run PLAYER
352	0:0:12.1.2	QUEUE	ready PLAYER
352	0:0:12.1.3	TASK	run PLAYER
353	0:0:12.1.3	QUEUE	ready PLAYER
353	0:0:12.1.4	TASK	run PLAYER
354	0:0:12.1.4	QUEUE	ready PLAYER
354	0:0:12.1.5	TASK	run PLAYER
355	0:0:12.1.5	QUEUE	ready PLAYER
355	0:0:12.1.0	QUEUE	ready CMOVE-6
355	0:0:12.1.0	QUEUE	ready CMOVE-7
355	0:0:12.1.0	QUEUE	ready CMOVE-8
355	0:0:12.1.0	QUEUE	ready CMOVE-9
355	0:0:12.1.0	QUEUE	ready CMOVE-10
355	0:0:12.1.0	QUEUE	ready CMOVE-11
355	0:0:12.1.0	QUEUE	ready CMOVE-12
355	0:0:12.1.0	QUEUE	ready CMOVE-13
355	0:0:12.1.0	QUEUE	ready CMOVE-14
355	0:0:12.2.0	TASK	run PLAYER
355	0:0:12.2.0	TASK	run CMOVE-6
355	0:0:12.2.0	TASK	run CMOVE-7
355	0:0:12.2.0	TASK	run CMOVE-8
355	0:0:12.2.0	SOUND	slot=8 silent
355	0:0:12.2.0	LOOK	slot=8
355	0:0:12.2.0	TASK	run CMOVE-9
355	0:0:12.2.0	TASK	run CMOVE-10
355	0:0:12.2.0	TASK	run CMOVE-11
355	0:0:12.2.0	TASK	run CMOVE-12
355	0:0:12.2.0	TASK	run CMOVE-13
355	0:0:12.2.0	TASK	run CMOVE-14
356	0:0:12.2.0	QUEUE	ready PLAYER
356	0:0:12.2.1	TASK	run PLAYER
357	0:0:12.2.1	QUEUE	ready PLAYER
357	0:0:12.2.2	TASK	run PLAYER
358	0:0:12.2.2	QUEUE	ready PLAYER
358	0:0:12.2.3	TASK	run PLAYER
359	0:0:12.2.3	QUEUE	ready PLAYER
359	0:0:12.2.4	TASK	run PLAYER
360	0:0:12.2.4	QUEUE	ready PLAYER
360	0:0:12.2.5	TASK	run PLAYER
361	0:0:12.2.5	QUEUE	ready PLAYER
361	0:0:12.2.0	QUEUE	ready LUKNEW
361	0:0:12.3.0	TASK	run PLAYER
361	0:0:12.3.0	TASK	run LUKNEW
362	0:0:12.3.0	QUEUE	ready PLAYER
362	0:0:12.3.1	TASK	run PLAYER
363	0:0:12.3.1	QUEUE	ready PLAYER
363	0:0:12.3.2	TASK	run PLAYER
364	0:0:12.3.2	QUEUE	ready PLAYER
364	0:0:12.3.3	TASK	run PLAYER
365	0:0:12.3.3	QUEUE	ready PLAYER
365	0:0:12.3.4	TASK	run PLAYER
366	0:0:12.3.4	QUEUE	ready PLAYER
366	0:0:12.3.5	TASK	run PLAYER
367	0:0:12.3.5	QUEUE	ready PLAYER
367	0:0:12.3.0	QUEUE	ready CMOVE-0
367	0:0:12.3.0	QUEUE	ready CMOVE-1
367	0:0:12.4.0	TASK	run PLAYER
367	0:0:12.4.0	TASK	run CMOVE-0
367	0:0:12.4.0	TASK	run CMOVE-1
368	0:0:12.4.0	QUEUE	ready PLAYER
368	0:0:12.4.1	TASK	run PLAYER
369	0:0:12.4.1	QUEUE	ready HSLOW
369	0:0:12.4.1	QUEUE	ready PLAYER
369	0:0:12.4.2	TASK	run HSLOW
369	0:0:12.4.2	TASK	run PLAYER
370	0:0:12.4.2	QUEUE	ready PLAYER
370	0:0:12.4.3	TASK	run PLAYER
371	0:0:12.4.3	QUEUE	ready PLAYER
371	0:0:12.4.4	TASK	run PLAYER
372	0:0:12.4.4	QUEUE	ready PLAYER
372	0:0:12.4.5	TASK	run PLAYER
373	0:0:12.4.5	QUEUE	ready PLAYER
373	0:0:12.5.0	TASK	run PLAYER
374	0:0:12.5.0	QUEUE	ready PLAYER
374	0:0:12.5.1	TASK	run PLAYER
375	0:0:12.5.1	QUEUE	ready PLAYER
375	0:0:12.5.2	TASK	run PLAYER
376	0:0:12.5.2	QUEUE	ready PLAYER
376	0:0:12.5.3	TASK	run PLAYER
377	0:0:12.5.3	QUEUE	ready PLAYER
377	0:0:12.5.4	TASK	run PLAYER
378	0:0:12.5.4	QUEUE	ready PLAYER
378	0:0:12.5.5	TASK	run PLAYER
379	0:0:12.5.5	QUEUE	ready PLAYER
379	0:0:12.5.0	QUEUE	ready LUKNEW
379	0:0:12.6.0	TASK	run PLAYER
379	0:0:12.6.0	TASK	run LUKNEW
380	0:0:12.6.0	QUEUE	ready PLAYER
380	0:0:12.6.1	TASK	run PLAYER
381	0:0:12.6.1	QUEUE	ready PLAYER
381	0:0:12.6.2	TASK	run PLAYER
382	0:0:12.6.2	QUEUE	ready PLAYER
382	0:0:12.6.3	TASK	run PLAYER
383	0:0:12.6.3	QUEUE	ready PLAYER
383	0:0:12.6.4	TASK	run PLAYER
384	0:0:12.6.4	QUEUE	ready PLAYER
384	0:0:12.6.5	TASK	run PLAYER
385	0:0:12.6.5	QUEUE	ready PLAYER
385	0:0:12.7.0	TASK	run PLAYER
386	0:0:12.7.0	QUEUE	ready PLAYER
386	0:0:12.7.1	TASK	run PLAYER
387	0:0:12.7.1	QUEUE	ready PLAYER
387	0:0:12.7.2	TASK	run PLAYER
388	0:0:12.7.2	QUEUE	ready PLAYER
388	0:0:12.7.3	TASK	run PLAYER
389	0:0:12.7.3	QUEUE	ready PLAYER
389	0:0:12.7.4	TASK	run PLAYER
390	0:0:12.7.4	QUEUE	ready PLAYER
390	0:0:12.7.5	TASK	run PLAYER
391	0:0:12.7.5	QUEUE	ready PLAYER
391	0:0:12.8.0	TASK	run PLAYER
392	0:0:12.8.0	QUEUE	ready PLAYER
392	0:0:12.8.1	TASK	run PLAYER
393	0:0:12.8.1	QUEUE	ready PLAYER
393	0:0:12.8.2	TASK	run PLAYER
394	0:0:12.8.2	QUEUE	ready PLAYER
394	0:0:12.8.3	TASK	run PLAYER
395	0:0:12.8.3	QUEUE	ready PLAYER
395	0:0:12.8.4	TASK	run PLAYER
396	0:0:12.8.4	QUEUE	ready PLAYER
396	0:0:12.8.5	TASK	run PLAYER
397	0:0:12.8.5	QUEUE	ready PLAYER
397	0:0:12.8.0	QUEUE	ready LUKNEW
397	0:0:12.9.0	TASK	run PLAYER
397	0:0:12.9.0	TASK	run LUKNEW
398	0:0:12.9.0	QUEUE	ready PLAYER
398	0:0:12.9.1	TASK	run PLAYER
399	0:0:12.9.1	QUEUE	ready PLAYER
399	0:0:12.9.2	TASK	run PLAYER
400	0:0:12.9.2	QUEUE	ready PLAYER
400	0:0:12.9.3	TASK	run PLAYER
401	0:0:12.9.3	QUEUE	ready PLAYER
401	0:0:12.9.4	TASK	run PLAYER
402	0:0:12.9.4	QUEUE	ready PLAYER
402	0:0:12.9.5	TASK	run PLAYER
403	0:0:12.9.5	QUEUE	ready PLAYER
403	0:0:13.0.0	TASK	run PLAYER
404	0:0:13.0.0	QUEUE	ready PLAYER
404	0:0:13.0.1	TASK	run PLAYER
405	0:0:13.0.1	QUEUE	ready PLAYER
405	0:0:13.0.2	TASK	run PLAYER
406	0:0:13.0.2	QUEUE	ready PLAYER
406	0:0:13.0.3	TASK	run PLAYER
407	0:0:13.0.3	QUEUE	ready PLAYER
407	0:0:13.0.4	TASK	run PLAYER
408	0:0:13.0.4	QUEUE	ready PLAYER
408	0:0:13.0.5	TASK	run PLAYER
409	0:0:13.0.5	QUEUE	ready PLAYER
409	0:0:13.0.0	QUEUE	ready CMOVE-15
409	0:0:13.0.0	QUEUE	ready CMOVE-16
409	0:0:13.0.0	QUEUE	ready CMOVE-17
409	0:0:13.0.0	QUEUE	ready CMOVE-18
409	0:0:13.0.0	QUEUE	ready CMOVE-19
409	0:0:13.0.0	QUEUE	ready CMOVE-20
409	0:0:13.0.0	QUEUE	ready CMOVE-21
409	0:0:13.0.0	QUEUE	ready CMOVE-22
409	0:0:13.0.0	QUEUE	ready CMOVE-23
409	0:0:13.1.0	TASK	run PLAYER
409	0:0:13.1.0	TASK	run CMOVE-15
409	0:0:13.1.0	TASK	run CMOVE-16
409	0:0:13.1.0	TASK	run CMOVE-17
409	0:0:13.1.0	SOUND	slot=17 silent
409	0:0:13.1.0	LOOK	slot=17
409	0:0:13.1.0	TASK	run CMOVE-18
409	0:0:13.1.0	TASK	run CMOVE-19
409	0:0:13.1.0	TASK	run CMOVE-20
409	0:0:13.1.0	TASK	run CMOVE-21
409	0:0:13.1.0	TASK	run CMOVE-22
409	0:0:13.1.0	TASK	run CMOVE-23
410	0:0:13.1.0	QUEUE	ready PLAYER
410	0:0:13.1.1	TASK	run PLAYER
411	0:0:13.1.1	QUEUE	ready PLAYER
411	0:0:13.1.2	TASK	run PLAYER
412	0:0:13.1.2	QUEUE	ready PLAYER
412	0:0:13.1.3	TASK	run PLAYER
413	0:0:13.1.3	QUEUE	ready PLAYER
413	0:0:13.1.4	TASK	run PLAYER
414	0:0:13.1.4	QUEUE	ready PLAYER
414	0:0:13.1.5	TASK	run PLAYER
415	0:0:13.1.5	QUEUE	ready HSLOW
415	0:0:13.1.5	QUEUE	ready PLAYER
415	0:0:13.1.0	QUEUE	ready LUKNEW
415	0:0:13.2.0	TASK	run HSLOW
415	0:0:13.2.0	TASK	run PLAYER
415	0:0:13.2.0	TASK	run LUKNEW
416	0:0:13.2.0	QUEUE	ready PLAYER
416	0:0:13.2.1	TASK	run PLAYER
417	0:0:13.2.1	QUEUE	ready PLAYER
417	0:0:13.2.2	TASK	run PLAYER
418	0:0:13.2.2	QUEUE	ready PLAYER
418	0:0:13.2.3	TASK	run PLAYER
419	0:0:13.2.3	QUEUE	ready PLAYER
419	0:0:13.2.4	TASK	run PLAYER
420	0:0:13.2.4	QUEUE	ready PLAYER
420	0:0:13.2.5	TASK	run PLAYER
421	0:0:13.2.5	QUEUE	ready PLAYER
421	0:0:13.3.0	TASK	run PLAYER
422	0:0:13.3.0	QUEUE	ready PLAYER
422	0:0:13.3.1	TASK	run PLAYER
423	0:0:13.3.1	QUEUE	ready PLAYER
423	0:0:13.3.2	TASK	run PLAYER
424	0:0:13.3.2	QUEUE	ready PLAYER
424	0:0:13.3.3	TASK	run PLAYER
425	0:0:13.3.3	QUEUE	ready PLAYER
425	0:0:13.3.4	TASK	run PLAYER
426	0:0:13.3.4	QUEUE	ready PLAYER
426	0:0:13.3.5	TASK	run PLAYER
427	0:0:13.3.5	QUEUE	ready PLAYER
427	0:0:13.4.0	TASK	run PLAYER
428	0:0:13.4.0	QUEUE	ready PLAYER
428	0:0:13.4.1	TASK	run PLAYER
429	0:0:13.4.1	QUEUE	ready PLAYER
429	0:0:13.4.2	TASK	run PLAYER
430	0:0:13.4.2	QUEUE	ready PLAYER
430	0:0:13.4.3	TASK	run PLAYER
431	0:0:13.4.3	QUEUE	ready PLAYER
431	0:0:13.4.4	TASK	run PLAYER
432	0:0:13.4.4	QUEUE	ready PLAYER
432	0:0:13.4.5	TASK	run PLAYER
433	0:0:13.4.5	QUEUE	ready PLAYER
433	0:0:13.4.0	QUEUE	ready LUKNEW
433	0:0:13.5.0	TASK	run PLAYER
433	0:0:13.5.0	TASK	run LUKNEW
434	0:0:13.5.0	QUEUE	ready PLAYER
434	0:0:13.5.1	TASK	run PLAYER
435	0:0:13.5.1	QUEUE	ready PLAYER
435	0:0:13.5.2	TASK	run PLAYER
436	0:0:13.5.2	QUEUE	ready PLAYER
436	0:0:13.5.3	TASK	run PLAYER
437	0:0:13.5.3	QUEUE	ready PLAYER
437	0:0:13.5.4	TASK	run PLAYER
438	0:0:13.5.4	QUEUE	ready PLAYER
438	0:0:13.5.5	TASK	run PLAYER
439	0:0:13.5.5	QUEUE	ready PLAYER
439	0:0:13.6.0	TASK	run PLAYER
440	0:0:13.6.0	QUEUE	ready PLAYER
440	0:0:13.6.1	TASK	run PLAYER
441	0:0:13.6.1	QUEUE	ready PLAYER
441	0:0:13.6.2	TASK	run PLAYER
442	0:0:13.6.2	QUEUE	ready PLAYER
442	0:0:13.6.3	TASK	run PLAYER
443	0:0:13.6.3	QUEUE	ready PLAYER
443	0:0:13.6.4	TASK	run PLAYER
444	0:0:13.6.4	QUEUE	ready PLAYER
444	0:0:13.6.5	TASK	run PLAYER
445	0:0:13.6.5	QUEUE	ready PLAYER
445	0:0:13.6.0	QUEUE	ready CMOVE-6
445	0:0:13.6.0	QUEUE	ready CMOVE-7
445	0:0:13.6.0	QUEUE	ready CMOVE-8
445	0:0:13.6.0	QUEUE	ready CMOVE-9
445	0:0:13.6.0	QUEUE	ready CMOVE-10
445	0:0:13.6.0	QUEUE	ready CMOVE-11
445	0:0:13.6.0	QUEUE	ready CMOVE-12
445	0:0:13.6.0	QUEUE	ready CMOVE-13
445	0:0:13.6.0	QUEUE	ready CMOVE-14
445	0:0:13.7.0	TASK	run PLAYER
445	0:0:13.7.0	TASK	run CMOVE-6
445	0:0:13.7.0	TASK	run CMOVE-7
445	0:0:13.7.0	TASK	run CMOVE-8
445	0:0:13.7.0	SOUND	slot=8 type=1 vol=131
445	0:0:13.7.0	LOOK	slot=8
445	0:0:13.7.0	TASK	run CMOVE-9
445	0:0:13.7.0	TASK	run CMOVE-10
445	0:0:13.7.0	TASK	run CMOVE-11
445	0:0:13.7.0	TASK	run CMOVE-12
445	0:0:13.7.0	TASK	run CMOVE-13
445	0:0:13.7.0	TASK	run CMOVE-14
446	0:0:13.7.0	QUEUE	ready PLAYER
446	0:0:13.7.1	TASK	run PLAYER
447	0:0:13.7.1	QUEUE	ready PLAYER
447	0:0:13.7.2	TASK	run PLAYER
448	0:0:13.7.2	QUEUE	ready PLAYER
448	0:0:13.7.3	TASK	run PLAYER
449	0:0:13.7.3	QUEUE	ready PLAYER
449	0:0:13.7.4	TASK	run PLAYER
450	0:0:13.7.4	QUEUE	ready PLAYER
450	0:0:13.7.5	TASK	run PLAYER
451	0:0:13.7.5	QUEUE	ready PLAYER
451	0:0:13.7.0	QUEUE	ready LUKNEW
451	0:0:13.8.0	TASK	run PLAYER
451	0:0:13.8.0	TASK	run LUKNEW
452	0:0:13.8.0	QUEUE	ready PLAYER
452	0:0:13.8.1	TASK	run PLAYER
453	0:0:13.8.1	QUEUE	ready PLAYER
453	0:0:13.8.2	TASK	run PLAYER
454	0:0:13.8.2	QUEUE	ready PLAYER
454	0:0:13.8.3	TASK	run PLAYER
455	0:0:13.8.3	QUEUE	ready PLAYER
455	0:0:13.8.4	TASK	run PLAYER
456	0:0:13.8.4	QUEUE	ready PLAYER
456	0:0:13.8.5	TASK	run PLAYER
457	0:0:13.8.5	QUEUE	ready PLAYER
457	0:0:13.9.0	TASK	run PLAYER
458	0:0:13.9.0	QUEUE	ready PLAYER
458	0:0:13.9.1	TASK	run PLAYER
459	0:0:13.9.1	QUEUE	ready PLAYER
459	0:0:13.9.2	TASK	run PLAYER
460	0:0:13.9.2	QUEUE	ready PLAYER
460	0:0:13.9.3	TASK	run PLAYER
461	0:0:13.9.3	QUEUE	ready HSLOW
461	0:0:13.9.3	QUEUE	ready PLAYER
461	0:0:13.9.4	TASK	run HSLOW
461	0:0:13.9.4	TASK	run PLAYER
462	0:0:13.9.4	QUEUE	ready PLAYER
462	0:0:13.9.5	TASK	run PLAYER
463	0:0:13.9.5	QUEUE	ready PLAYER
463	0:0:14.0.0	TASK	run PLAYER
464	0:0:14.0.0	QUEUE	ready PLAYER
464	0:0:14.0.1	TASK	run PLAYER
465	0:0:14.0.1	QUEUE	ready PLAYER
465	0:0:14.0.2	TASK	run PLAYER
466	0:0:14.0.2	QUEUE	ready PLAYER
466	0:0:14.0.3	TASK	run PLAYER
467	0:0:14.0.3	QUEUE	ready PLAYER
467	0:0:14.0.4	TASK	run PLAYER
468	0:0:14.0.4	QUEUE	ready PLAYER
468	0:0:14.0.5	TASK	run PLAYER
469	0:0:14.0.5	QUEUE	ready PLAYER
469	0:0:14.0.0	QUEUE	ready LUKNEW
469	0:0:14.1.0	TASK	run PLAYER
469	0:0:14.1.0	TASK	run LUKNEW
470	0:0:14.1.0	QUEUE	ready PLAYER
470	0:0:14.1.1	TASK	run PLAYER
471	0:0:14.1.1	QUEUE	ready PLAYER
471	0:0:14.1.2	TASK	run PLAYER
472	0:0:14.1.2	QUEUE	ready PLAYER
472	0:0:14.1.3	TASK	run PLAYER
473	0:0:14.1.3	QUEUE	ready PLAYER
473	0:0:14.1.4	TASK	run PLAYER
474	0:0:14.1.4	QUEUE	ready PLAYER
474	0:0:14.1.5	TASK	run PLAYER
475	0:0:14.1.5	QUEUE	ready PLAYER
475	0:0:14.2.0	TASK	run PLAYER
476	0:0:14.2.0	QUEUE	ready PLAYER
476	0:0:14.2.1	TASK	run PLAYER
477	0:0:14.2.1	QUEUE	ready PLAYER
477	0:0:14.2.2	TASK	run PLAYER
478	0:0:14.2.2	QUEUE	ready PLAYER
478	0:0:14.2.3	TASK	run PLAYER
479	0:0:14.2.3	QUEUE	ready PLAYER
479	0:0:14.2.4	TASK	run PLAYER
480	0:0:14.2.4	QUEUE	ready PLAYER
480	0:0:14.2.5	TASK	run PLAYER
481	0:0:14.2.5	QUEUE	ready PLAYER
481	0:0:14.3.0	TASK	run PLAYER
482	0:0:14.3.0	QUEUE	ready PLAYER
482	0:0:14.3.1	TASK	run PLAYER
483	0:0:14.3.1	QUEUE	ready PLAYER
483	0:0:14.3.2	TASK	run PLAYER
484	0:0:14.3.2	QUEUE	ready PLAYER
484	0:0:14.3.3	TASK	run PLAYER
485	0:0:14.3.3	QUEUE	ready PLAYER
485	0:0:14.3.4	TASK	run PLAYER
486	0:0:14.3.4	QUEUE	ready PLAYER
486	0:0:14.3.5	TASK	run PLAYER
487	0:0:14.3.5	QUEUE	ready PLAYER
487	0:0:14.3.0	QUEUE	ready LUKNEW
487	0:0:14.4.0	TASK	run PLAYER
487	0:0:14.4.0	TASK	run LUKNEW
488	0:0:14.4.0	QUEUE	ready PLAYER
488	0:0:14.4.1	TASK	run PLAYER
489	0:0:14.4.1	QUEUE	ready PLAYER
489	0:0:14.4.2	TASK	run PLAYER
490	0:0:14.4.2	QUEUE	ready PLAYER
490	0:0:14.4.3	TASK	run PLAYER
491	0:0:14.4.3	QUEUE	ready PLAYER
491	0:0:14.4.4	TASK	run PLAYER
492	0:0:14.4.4	QUEUE	ready PLAYER
492	0:0:14.4.5	TASK	run PLAYER
493	0:0:14.4.5	QUEUE	ready PLAYER
493	0:0:14.5.0	TASK	run PLAYER
494	0:0:14.5.0	QUEUE	ready PLAYER
494	0:0:14.5.1	TASK	run PLAYER
495	0:0:14.5.1	QUEUE	ready PLAYER
495	0:0:14.5.2	TASK	run PLAYER
496	0:0:14.5.2	QUEUE	ready PLAYER
496	0:0:14.5.3	TASK	run PLAYER
497	0:0:14.5.3	QUEUE	ready PLAYER
497	0:0:14.5.4	TASK	run PLAYER
498	0:0:14.5.4	QUEUE	ready PLAYER
498	0:0:14.5.5	TASK	run PLAYER
499	0:0:14.5.5	QUEUE	ready PLAYER
499	0:0:14.6.0	TASK	run PLAYER
500	0:0:14.6.0	QUEUE	ready PLAYER
500	0:0:14.6.1	TASK	run PLAYER
501	0:0:14.6.1	QUEUE	ready PLAYER
501	0:0:14.6.2	TASK	run PLAYER
502	0:0:14.6.2	QUEUE	ready PLAYER
502	0:0:14.6.3	TASK	run PLAYER
503	0:0:14.6.3	QUEUE	ready PLAYER
503	0:0:14.6.4	TASK	run PLAYER
504	0:0:14.6.4	QUEUE	ready PLAYER
504	0:0:14.6.5	TASK	run PLAYER
505	0:0:14.6.5	QUEUE	ready PLAYER
505	0:0:14.6.0	QUEUE	ready LUKNEW
505	0:0:14.7.0	TASK	run PLAYER
505	0:0:14.7.0	TASK	run LUKNEW
506	0:0:14.7.0	QUEUE	ready PLAYER
506	0:0:14.7.1	TASK	run PLAYER
507	0:0:14.7.1	QUEUE	ready HSLOW
507	0:0:14.7.1	QUEUE	ready PLAYER
507	0:0:14.7.2	TASK	run HSLOW
507	0:0:14.7.2	TASK	run PLAYER
508	0:0:14.7.2	QUEUE	ready PLAYER
508	0:0:14.7.3	TASK	run PLAYER
509	0:0:14.7.3	QUEUE	ready PLAYER
509	0:0:14.7.4	TASK	run PLAYER
510	0:0:14.7.4	QUEUE	ready PLAYER
510	0:0:14.7.5	TASK	run PLAYER
511	0:0:14.7.5	QUEUE	ready PLAYER
511	0:0:14.8.0	TASK	run PLAYER
512	0:0:14.8.0	QUEUE	ready PLAYER
512	0:0:14.8.1	TASK	run PLAYER
513	0:0:14.8.1	QUEUE	ready PLAYER
513	0:0:14.8.2	TASK	run PLAYER
514	0:0:14.8.2	QUEUE	ready PLAYER
514	0:0:14.8.3	TASK	run PLAYER
515	0:0:14.8.3	QUEUE	ready PLAYER
515	0:0:14.8.4	TASK	run PLAYER
516	0:0:14.8.4	QUEUE	ready PLAYER
516	0:0:14.8.5	TASK	run PLAYER
517	0:0:14.8.5	QUEUE	ready PLAYER
517	0:0:14.8.0	QUEUE	ready CMOVE-2
517	0:0:14.8.0	QUEUE	ready CMOVE-3
517	0:0:14.8.0	QUEUE	ready CMOVE-4
517	0:0:14.8.0	QUEUE	ready CMOVE-5
517	0:0:14.9.0	TASK	run PLAYER
517	0:0:14.9.0	TASK	run CMOVE-2
517	0:0:14.9.0	TASK	run CMOVE-3
517	0:0:14.9.0	TASK	run CMOVE-4
517	0:0:14.9.0	SOUND	slot=4 type=2 vol=100
517	0:0:14.9.0	LOOK	slot=4
517	0:0:14.9.0	TASK	run CMOVE-5
517	0:0:14.9.0	SOUND	slot=5 silent
517	0:0:14.9.0	LOOK	slot=5
518	0:0:14.9.0	QUEUE	ready PLAYER
518	0:0:14.9.1	TASK	run PLAYER
519	0:0:14.9.1	QUEUE	ready PLAYER
519	0:0:14.9.2	TASK	run PLAYER
520	0:0:14.9.2	QUEUE	ready PLAYER
520	0:0:14.9.3	TASK	run PLAYER
521	0:0:14.9.3	QUEUE	ready PLAYER
521	0:0:14.9.4	TASK	run PLAYER
522	0:0:14.9.4	QUEUE	ready PLAYER
522	0:0:14.9.5	TASK	run PLAYER
523	0:0:14.9.5	QUEUE	ready PLAYER
523	0:0:14.9.0	QUEUE	ready LUKNEW
523	0:0:15.0.0	TASK	run PLAYER
523	0:0:15.0.0	TASK	run LUKNEW
524	0:0:15.0.0	QUEUE	ready PLAYER
524	0:0:15.0.1	TASK	run PLAYER
525	0:0:15.0.1	QUEUE	ready PLAYER
525	0:0:15.0.2	TASK	run PLAYER
526	0:0:15.0.2	QUEUE	ready PLAYER
526	0:0:15.0.3	TASK	run PLAYER
527	0:0:15.0.3	QUEUE	ready PLAYER
527	0:0:15.0.4	TASK	run PLAYER
528	0:0:15.0.4	QUEUE	ready PLAYER
528	0:0:15.0.5	TASK	run PLAYER
529	0:0:15.0.5	QUEUE	ready PLAYER
529	0:0:15.1.0	TASK	run PLAYER
530	0:0:15.1.0	QUEUE	ready PLAYER
530	0:0:15.1.1	TASK	run PLAYER
531	0:0:15.1.1	QUEUE	ready PLAYER
531	0:0:15.1.2	TASK	run PLAYER
532	0:0:15.1.2	QUEUE	ready PLAYER
532	0:0:15.1.3	TASK	run PLAYER
533	0:0:15.1.3	QUEUE	ready PLAYER
533	0:0:15.1.4	TASK	run PLAYER
534	0:0:15.1.4	QUEUE	ready PLAYER
534	0:0:15.1.5	TASK	run PLAYER
535	0:0:15.1.5	QUEUE	ready PLAYER
535	0:0:15.1.0	QUEUE	ready CMOVE-6
535	0:0:15.1.0	QUEUE	ready CMOVE-7
535	0:0:15.1.0	QUEUE	ready CMOVE-8
535	0:0:15.1.0	QUEUE	ready CMOVE-9
535	0:0:15.1.0	QUEUE	ready CMOVE-10
535	0:0:15.1.0	QUEUE	ready CMOVE-11
535	0:0:15.1.0	QUEUE	ready CMOVE-12
535	0:0:15.1.0	QUEUE	ready CMOVE-13
535	0:0:15.1.0	QUEUE	ready CMOVE-14
535	0:0:15.2.0	TASK	run PLAYER
535	0:0:15.2.0	TASK	run CMOVE-6
535	0:0:15.2.0	TASK	run CMOVE-7
535	0:0:15.2.0	TASK	run CMOVE-8
535	0:0:15.2.0	SOUND	slot=8 type=1 vol=131
535	0:0:15.2.0	LOOK	slot=8
535	0:0:15.2.0	TASK	run CMOVE-9
535	0:0:15.2.0	TASK	run CMOVE-10
535	0:0:15.2.0	TASK	run CMOVE-11
535	0:0:15.2.0	TASK	run CMOVE-12
535	0:0:15.2.0	TASK	run CMOVE-13
535	0:0:15.2.0	TASK	run CMOVE-14
536	0:0:15.2.0	QUEUE	ready PLAYER
536	0:0:15.2.1	TASK	run PLAYER
537	0:0:15.2.1	QUEUE	ready PLAYER
537	0:0:15.2.2	TASK	run PLAYER
538	0:0:15.2.2	QUEUE	ready PLAYER
538	0:0:15.2.3	TASK	run PLAYER
539	0:0:15.2.3	QUEUE	ready PLAYER
539	0:0:15.2.4	TASK	run PLAYER
540	0:0:15.2.4	QUEUE	ready PLAYER
540	0:0:15.2.5	TASK	run PLAYER
541	0:0:15.2.5	QUEUE	ready PLAYER
541	0:0:15.2.0	QUEUE	ready LUKNEW
541	0:0:15.3.0	TASK	run PLAYER
541	0:0:15.3.0	TASK	run LUKNEW
542	0:0:15.3.0	QUEUE	ready PLAYER
542	0:0:15.3.1	TASK	run PLAYER
543	0:0:15.3.1	QUEUE	ready PLAYER
543	0:0:15.3.2	TASK	run PLAYER
544	0:0:15.3.2	QUEUE	ready PLAYER
544	0:0:15.3.3	TASK	run PLAYER
545	0:0:15.3.3	QUEUE	ready PLAYER
545	0:0:15.3.4	TASK	run PLAYER
546	0:0:15.3.4	QUEUE	ready PLAYER
546	0:0:15.3.5	TASK	run PLAYER
547	0:0:15.3.5	QUEUE	ready PLAYER
547	0:0:15.3.0	QUEUE	ready CMOVE-15
547	0:0:15.3.0	QUEUE	ready CMOVE-16
547	0:0:15.3.0	QUEUE	ready CMOVE-17
547	0:0:15.3.0	QUEUE	ready CMOVE-18
547	0:0:15.3.0	QUEUE	ready CMOVE-19
547	0:0:15.3.0	QUEUE	ready CMOVE-20
547	0:0:15.3.0	QUEUE	ready CMOVE-21
547	0:0:15.3.0	QUEUE	ready CMOVE-22
547	0:0:15.3.0	QUEUE	ready CMOVE-23
547	0:0:15.4.0	TASK	run PLAYER
547	0:0:15.4.0	TASK	run CMOVE-15
547	0:0:15.4.0	TASK	run CMOVE-16
547	0:0:15.4.0	TASK	run CMOVE-17
547	0:0:15.4.0	SOUND	slot=17 silent
547	0:0:15.4.0	LOOK	slot=17
547	0:0:15.4.0	TASK	run CMOVE-18
547	0:0:15.4.0	TASK	run CMOVE-19
547	0:0:15.4.0	TASK	run CMOVE-20
547	0:0:15.4.0	TASK	run CMOVE-21
547	0:0:15.4.0	TASK	run CMOVE-22
547	0:0:15.4.0	TASK	run CMOVE-23
548	0:0:15.4.0	QUEUE	ready PLAYER
548	0:0:15.4.1	TASK	run PLAYER
549	0:0:15.4.1	QUEUE	ready PLAYER
549	0:0:15.4.2	TASK	run PLAYER
550	0:0:15.4.2	QUEUE	ready PLAYER
550	0:0:15.4.3	TASK	run PLAYER
551	0:0:15.4.3	QUEUE	ready PLAYER
551	0:0:15.4.4	TASK	run PLAYER
552	0:0:15.4.4	QUEUE	ready PLAYER
552	0:0:15.4.5	TASK	run PLAYER
553	0:0:15.4.5	QUEUE	ready HSLOW
553	0:0:15.4.5	QUEUE	ready PLAYER
553	0:0:15.4.0	QUEUE	ready CMOVE-0
553	0:0:15.4.0	QUEUE	ready CMOVE-1
553	0:0:15.5.0	TASK	run HSLOW
553	0:0:15.5.0	TASK	run PLAYER
553	0:0:15.5.0	TASK	run CMOVE-0
553	0:0:15.5.0	TASK	run CMOVE-1
554	0:0:15.5.0	QUEUE	ready PLAYER
554	0:0:15.5.1	TASK	run PLAYER
555	0:0:15.5.1	QUEUE	ready PLAYER
555	0:0:15.5.2	TASK	run PLAYER
556	0:0:15.5.2	QUEUE	ready PLAYER
556	0:0:15.5.3	TASK	run PLAYER
557	0:0:15.5.3	QUEUE	ready PLAYER
557	0:0:15.5.4	TASK	run PLAYER
558	0:0:15.5.4	QUEUE	ready PLAYER
558	0:0:15.5.5	TASK	run PLAYER
559	0:0:15.5.5	QUEUE	ready PLAYER
559	0:0:15.5.0	QUEUE	ready LUKNEW
559	0:0:15.6.0	TASK	run PLAYER
559	0:0:15.6.0	TASK	run LUKNEW
560	0:0:15.6.0	QUEUE	ready PLAYER
560	0:0:15.6.1	TASK	run PLAYER
561	0:0:15.6.1	QUEUE	ready PLAYER
561	0:0:15.6.2	TASK	run PLAYER
562	0:0:15.6.2	QUEUE	ready PLAYER
562	0:0:15.6.3	TASK	run PLAYER
563	0:0:15.6.3	QUEUE	ready PLAYER
563	0:0:15.6.4	TASK	run PLAYER
564	0:0:15.6.4	QUEUE	ready PLAYER
564	0:0:15.6.5	TASK	run PLAYER
565	0:0:15.6.5	QUEUE	ready PLAYER
565	0:0:15.7.0	TASK	run PLAYER
566	0:0:15.7.0	QUEUE	ready PLAYER
566	0:0:15.7.1	TASK	run PLAYER
567	0:0:15.7.1	QUEUE	ready PLAYER
567	0:0:15.7.2	TASK	run PLAYER
568	0:0:15.7.2	QUEUE	ready PLAYER
568	0:0:15.7.3	TASK	run PLAYER
569	0:0:15.7.3	QUEUE	ready PLAYER
569	0:0:15.7.4	TASK	run PLAYER
570	0:0:15.7.4	QUEUE	ready PLAYER
570	0:0:15.7.5	TASK	run PLAYER
571	0:0:15.7.5	QUEUE	ready PLAYER
571	0:0:15.8.0	TASK	run PLAYER
572	0:0:15.8.0	QUEUE	ready PLAYER
572	0:0:15.8.1	TASK	run PLAYER
573	0:0:15.8.1	QUEUE	ready PLAYER
573	0:0:15.8.2	TASK	run PLAYER
574	0:0:15.8.2	QUEUE	ready PLAYER
574	0:0:15.8.3	TASK	run PLAYER
575	0:0:15.8.3	QUEUE	ready PLAYER
575	0:0:15.8.4	TASK	run PLAYER
576	0:0:15.8.4	QUEUE	ready PLAYER
576	0:0:15.8.5	TASK	run PLAYER
577	0:0:15.8.5	QUEUE	ready PLAYER
577	0:0:15.8.0	QUEUE	ready LUKNEW
577	0:0:15.9.0	TASK	run PLAYER
577	0:0:15.9.0	TASK	run LUKNEW
578	0:0:15.9.0	QUEUE	ready PLAYER
578	0:0:15.9.1	TASK	run PLAYER
579	0:0:15.9.1	QUEUE	ready PLAYER
579	0:0:15.9.2	TASK	run PLAYER
580	0:0:15.9.2	QUEUE	ready PLAYER
580	0:0:15.9.3	TASK	run PLAYER
581	0:0:15.9.3	QUEUE	ready PLAYER
581	0:0:15.9.4	TASK	run PLAYER
582	0:0:15.9.4	QUEUE	ready PLAYER
582	0:0:15.9.5	TASK	run PLAYER
583	0:0:15.9.5	QUEUE	ready PLAYER
583	0:0:16.0.0	TASK	run PLAYER
584	0:0:16.0.0	QUEUE	ready PLAYER
584	0:0:16.0.1	TASK	run PLAYER
585	0:0:16.0.1	QUEUE	ready PLAYER
585	0:0:16.0.2	TASK	run PLAYER
586	0:0:16.0.2	QUEUE	ready PLAYER
586	0:0:16.0.3	TASK	run PLAYER
587	0:0:16.0.3	QUEUE	ready PLAYER
587	0:0:16.0.4	TASK	run PLAYER
588	0:0:16.0.4	QUEUE	ready PLAYER
588	0:0:16.0.5	TASK	run PLAYER
589	0:0:16.0.5	QUEUE	ready PLAYER
589	0:0:16.1.0	TASK	run PLAYER
590	0:0:16.1.0	QUEUE	ready PLAYER
590	0:0:16.1.1	TASK	run PLAYER
591	0:0:16.1.1	QUEUE	ready PLAYER
591	0:0:16.1.2	TASK	run PLAYER
592	0:0:16.1.2	QUEUE	ready PLAYER
592	0:0:16.1.3	TASK	run PLAYER
593	0:0:16.1.3	QUEUE	ready PLAYER
593	0:0:16.1.4	TASK	run PLAYER
594	0:0:16.1.4	QUEUE	ready PLAYER
594	0:0:16.1.5	TASK	run PLAYER
595	0:0:16.1.5	QUEUE	ready PLAYER
595	0:0:16.1.0	QUEUE	ready LUKNEW
595	0:0:16.2.0	TASK	run PLAYER
595	0:0:16.2.0	TASK	run LUKNEW
596	0:0:16.2.0	QUEUE	ready PLAYER
596	0:0:16.2.1	TASK	run PLAYER
597	0:0:16.2.1	QUEUE	ready PLAYER
597	0:0:16.2.2	TASK	run PLAYER
598	0:0:16.2.2	QUEUE	ready PLAYER
598	0:0:16.2.3	TASK	run PLAYER
599	0:0:16.2.3	QUEUE	ready HSLOW
599	0:0:16.2.3	QUEUE	ready PLAYER
599	0:0:16.2.4	TASK	run HSLOW
599	0:0:16.2.4	TASK	run PLAYER
600	0:0:16.2.4	QUEUE	ready PLAYER
600	0:0:16.2.5	TASK	run PLAYER
601	0:0:16.2.5	QUEUE	ready PLAYER
601	0:0:16.3.0	TASK	run PLAYER
602	0:0:16.3.0	QUEUE	ready PLAYER
602	0:0:16.3.1	TASK	run PLAYER
603	0:0:16.3.1	QUEUE	ready PLAYER
603	0:0:16.3.2	TASK	run PLAYER
604	0:0:16.3.2	QUEUE	ready PLAYER
604	0:0:16.3.3	TASK	run PLAYER
605	0:0:16.3.3	QUEUE	ready PLAYER
605	0:0:16.3.4	TASK	run PLAYER
606	0:0:16.3.4	QUEUE	ready PLAYER
606	0:0:16.3.5	TASK	run PLAYER
607	0:0:16.3.5	QUEUE	ready PLAYER
607	0:0:16.4.0	TASK	run PLAYER
608	0:0:16.4.0	QUEUE	ready PLAYER
608	0:0:16.4.1	TASK	run PLAYER
609	0:0:16.4.1	QUEUE	ready PLAYER
609	0:0:16.4.2	TASK	run PLAYER
610	0:0:16.4.2	QUEUE	ready PLAYER
610	0:0:16.4.3	TASK	run PLAYER
611	0:0:16.4.3	QUEUE	ready PLAYER
611	0:0:16.4.4	TASK	run PLAYER
612	0:0:16.4.4	QUEUE	ready PLAYER
612	0:0:16.4.5	TASK	run PLAYER
613	0:0:16.4.5	QUEUE	ready PLAYER
613	0:0:16.4.0	QUEUE	ready LUKNEW
613	0:0:16.5.0	TASK	run PLAYER
613	0:0:16.5.0	TASK	run LUKNEW
614	0:0:16.5.0	QUEUE	ready PLAYER
614	0:0:16.5.1	TASK	run PLAYER
615	0:0:16.5.1	QUEUE	ready PLAYER
615	0:0:16.5.2	TASK	run PLAYER
616	0:0:16.5.2	QUEUE	ready PLAYER
616	0:0:16.5.3	TASK	run PLAYER
617	0:0:16.5.3	QUEUE	ready PLAYER
617	0:0:16.5.4	TASK	run PLAYER
618	0:0:16.5.4	QUEUE	ready PLAYER
618	0:0:16.5.5	TASK	run PLAYER
619	0:0:16.5.5	QUEUE	ready PLAYER
619	0:0:16.6.0	TASK	run PLAYER
620	0:0:16.6.0	QUEUE	ready PLAYER
620	0:0:16.6.1	TASK	run PLAYER
621	0:0:16.6.1	QUEUE	ready PLAYER
621	0:0:16.6.2	TASK	run PLAYER
622	0:0:16.6.2	QUEUE	ready PLAYER
622	0:0:16.6.3	TASK	run PLAYER
623	0:0:16.6.3	QUEUE	ready PLAYER
623	0:0:16.6.4	TASK	run PLAYER
624	0:0:16.6.4	QUEUE	ready PLAYER
624	0:0:16.6.5	TASK	run PLAYER
625	0:0:16.6.5	QUEUE	ready PLAYER
625	0:0:16.6.0	QUEUE	ready CMOVE-6
625	0:0:16.6.0	QUEUE	ready CMOVE-7
625	0:0:16.6.0	QUEUE	ready CMOVE-8
625	0:0:16.6.0	QUEUE	ready CMOVE-9
625	0:0:16.6.0	QUEUE	ready CMOVE-10
625	0:0:16.6.0	QUEUE	ready CMOVE-11
625	0:0:16.6.0	QUEUE	ready CMOVE-12
625	0:0:16.6.0	QUEUE	ready CMOVE-13
625	0:0:16.6.0	QUEUE	ready CMOVE-14
625	0:0:16.7.0	TASK	run PLAYER
625	0:0:16.7.0	TASK	run CMOVE-6
625	0:0:16.7.0	TASK	run CMOVE-7
625	0:0:16.7.0	TASK	run CMOVE-8
625	0:0:16.7.0	SOUND	slot=8 silent
625	0:0:16.7.0	LOOK	slot=8
625	0:0:16.7.0	TASK	run CMOVE-9
625	0:0:16.7.0	TASK	run CMOVE-10
625	0:0:16.7.0	TASK	run CMOVE-11
625	0:0:16.7.0	TASK	run CMOVE-12
625	0:0:16.7.0	TASK	run CMOVE-13
625	0:0:16.7.0	TASK	run CMOVE-14
626	0:0:16.7.0	QUEUE	ready PLAYER
626	0:0:16.7.1	TASK	run PLAYER
627	0:0:16.7.1	QUEUE	ready PLAYER
627	0:0:16.7.2	TASK	run PLAYER
628	0:0:16.7.2	QUEUE	ready PLAYER
628	0:0:16.7.3	TASK	run PLAYER
629	0:0:16.7.3	QUEUE	ready PLAYER
629	0:0:16.7.4	TASK	run PLAYER
630	0:0:16.7.4	QUEUE	ready PLAYER
630	0:0:16.7.5	TASK	run PLAYER
631	0:0:16.7.5	QUEUE	ready PLAYER
631	0:0:16.7.0	QUEUE	ready LUKNEW
631	0:0:16.8.0	TASK	run PLAYER
631	0:0:16.8.0	TASK	run LUKNEW
632	0:0:16.8.0	QUEUE	ready PLAYER
632	0:0:16.8.1	TASK	run PLAYER
633	0:0:16.8.1	QUEUE	ready PLAYER
633	0:0:16.8.2	TASK	run PLAYER
634	0:0:16.8.2	QUEUE	ready PLAYER
634	0:0:16.8.3	TASK	run PLAYER
635	0:0:16.8.3	QUEUE	ready PLAYER
635	0:0:16.8.4	TASK	run PLAYER
636	0:0:16.8.4	QUEUE	ready PLAYER
636	0:0:16.8.5	TASK	run PLAYER
637	0:0:16.8.5	QUEUE	ready PLAYER
637	0:0:16.9.0	TASK	run PLAYER
638	0:0:16.9.0	QUEUE	ready PLAYER
638	0:0:16.9.1	TASK	run PLAYER
639	0:0:16.9.1	QUEUE	ready PLAYER
639	0:0:16.9.2	TASK	run PLAYER
640	0:0:16.9.2	QUEUE	ready PLAYER
640	0:0:16.9.3	TASK	run PLAYER
641	0:0:16.9.3	QUEUE	ready PLAYER
641	0:0:16.9.4	TASK	run PLAYER
642	0:0:16.9.4	QUEUE	ready PLAYER
642	0:0:16.9.5	TASK	run PLAYER
643	0:0:16.9.5	QUEUE	ready PLAYER
643	0:0:17.0.0	TASK	run PLAYER
644	0:0:17.0.0	QUEUE	ready PLAYER
644	0:0:17.0.1	TASK	run PLAYER
645	0:0:17.0.1	QUEUE	ready HSLOW
645	0:0:17.0.1	QUEUE	ready PLAYER
645	0:0:17.0.2	TASK	run HSLOW
645	0:0:17.0.2	TASK	run PLAYER
646	0:0:17.0.2	QUEUE	ready PLAYER
646	0:0:17.0.3	TASK	run PLAYER
647	0:0:17.0.3	QUEUE	ready PLAYER
647	0:0:17.0.4	TASK	run PLAYER
648	0:0:17.0.4	QUEUE	ready PLAYER
648	0:0:17.0.5	TASK	run PLAYER
649	0:0:17.0.5	QUEUE	ready PLAYER
649	0:0:17.0.0	QUEUE	ready LUKNEW
649	0:0:17.1.0	TASK	run PLAYER
649	0:0:17.1.0	TASK	run LUKNEW
650	0:0:17.1.0	QUEUE	ready PLAYER
650	0:0:17.1.1	TASK	run PLAYER
651	0:0:17.1.1	QUEUE	ready PLAYER
651	0:0:17.1.2	TASK	run PLAYER
652	0:0:17.1.2	QUEUE	ready PLAYER
652	0:0:17.1.3	TASK	run PLAYER
653	0:0:17.1.3	QUEUE	ready PLAYER
653	0:0:17.1.4	TASK	run PLAYER
654	0:0:17.1.4	QUEUE	ready PLAYER
654	0:0:17.1.5	TASK	run PLAYER
655	0:0:17.1.5	QUEUE	ready PLAYER
655	0:0:17.2.0	TASK	run PLAYER
656	0:0:17.2.0	QUEUE	ready PLAYER
656	0:0:17.2.1	TASK	run PLAYER
657	0:0:17.2.1	QUEUE	ready PLAYER
657	0:0:17.2.2	TASK	run PLAYER
658	0:0:17.2.2	QUEUE	ready PLAYER
658	0:0:17.2.3	TASK	run PLAYER
659	0:0:17.2.3	QUEUE	ready PLAYER
659	0:0:17.2.4	TASK	run PLAYER
660	0:0:17.2.4	QUEUE	ready PLAYER
660	0:0:17.2.5	TASK	run PLAYER
661	0:0:17.2.5	QUEUE	ready PLAYER
661	0:0:17.3.0	TASK	run PLAYER
662	0:0:17.3.0	QUEUE	ready PLAYER
662	0:0:17.3.1	TASK	run PLAYER
663	0:0:17.3.1	QUEUE	ready PLAYER
663	0:0:17.3.2	TASK	run PLAYER
664	0:0:17.3.2	QUEUE	ready PLAYER
664	0:0:17.3.3	TASK	run PLAYER
665	0:0:17.3.3	QUEUE	ready PLAYER
665	0:0:17.3.4	TASK	run PLAYER
666	0:0:17.3.4	QUEUE	ready PLAYER
666	0:0:17.3.5	TASK	run PLAYER
667	0:0:17.3.5	QUEUE	ready PLAYER
667	0:0:17.3.0	QUEUE	ready LUKNEW
667	0:0:17.4.0	TASK	run PLAYER
667	0:0:17.4.0	TASK	run LUKNEW
668	0:0:17.4.0	QUEUE	ready PLAYER
668	0:0:17.4.1	TASK	run PLAYER
669	0:0:17.4.1	QUEUE	ready PLAYER
669	0:0:17.4.2	TASK	run PLAYER
670	0:0:17.4.2	QUEUE	ready PLAYER
670	0:0:17.4.3	TASK	run PLAYER
671	0:0:17.4.3	QUEUE	ready PLAYER
671	0:0:17.4.4	TASK	run PLAYER
672	0:0:17.4.4	QUEUE	ready PLAYER
672	0:0:17.4.5	TASK	run PLAYER
673	0:0:17.4.5	QUEUE	ready PLAYER
673	0:0:17.5.0	TASK	run PLAYER
674	0:0:17.5.0	QUEUE	ready PLAYER
674	0:0:17.5.1	TASK	run PLAYER
675	0:0:17.5.1	QUEUE	ready PLAYER
675	0:0:17.5.2	TASK	run PLAYER
676	0:0:17.5.2	QUEUE	ready PLAYER
676	0:0:17.5.3	TASK	run PLAYER
677	0:0:17.5.3	QUEUE	ready PLAYER
677	0:0:17.5.4	TASK	run PLAYER
678	0:0:17.5.4	QUEUE	ready PLAYER
678	0:0:17.5.5	TASK	run PLAYER
679	0:0:17.5.5	QUEUE	ready PLAYER
679	0:0:17.6.0	TASK	run PLAYER
680	0:0:17.6.0	QUEUE	ready PLAYER
680	0:0:17.6.1	TASK	run PLAYER
681	0:0:17.6.1	QUEUE	ready PLAYER
681	0:0:17.6.2	TASK	run PLAYER
682	0:0:17.6.2	QUEUE	ready PLAYER
682	0:0:17.6.3	TASK	run PLAYER
683	0:0:17.6.3	QUEUE	ready PLAYER
683	0:0:17.6.4	TASK	run PLAYER
684	0:0:17.6.4	QUEUE	ready PLAYER
684	0:0:17.6.5	TASK	run PLAYER
685	0:0:17.6.5	QUEUE	ready PLAYER
685	0:0:17.6.0	QUEUE	ready CMOVE-15
685	0:0:17.6.0	QUEUE	ready CMOVE-16
685	0:0:17.6.0	QUEUE	ready CMOVE-17
685	0:0:17.6.0	QUEUE	ready CMOVE-18
685	0:0:17.6.0	QUEUE	ready CMOVE-19
685	0:0:17.6.0	QUEUE	ready CMOVE-20
685	0:0:17.6.0	QUEUE	ready CMOVE-21
685	0:0:17.6.0	QUEUE	ready CMOVE-22
685	0:0:17.6.0	QUEUE	ready CMOVE-23
685	0:0:17.6.0	QUEUE	ready LUKNEW
685	0:0:17.7.0	TASK	run PLAYER
685	0:0:17.7.0	TASK	run CMOVE-15
685	0:0:17.7.0	TASK	run CMOVE-16
685	0:0:17.7.0	TASK	run CMOVE-17
685	0:0:17.7.0	SOUND	slot=17 type=0 vol=69
685	0:0:17.7.0	LOOK	slot=17
685	0:0:17.7.0	TASK	run CMOVE-18
685	0:0:17.7.0	TASK	run CMOVE-19
685	0:0:17.7.0	TASK	run CMOVE-20
685	0:0:17.7.0	TASK	run CMOVE-21
685	0:0:17.7.0	TASK	run CMOVE-22
685	0:0:17.7.0	TASK	run CMOVE-23
685	0:0:17.7.0	TASK	run LUKNEW
686	0:0:17.7.0	QUEUE	ready PLAYER
686	0:0:17.7.1	TASK	run PLAYER
687	0:0:17.7.1	QUEUE	ready PLAYER
687	0:0:17.7.2	TASK	run PLAYER
688	0:0:17.7.2	QUEUE	ready PLAYER
688	0:0:17.7.3	TASK	run PLAYER
689	0:0:17.7.3	QUEUE	ready PLAYER
689	0:0:17.7.4	TASK	run PLAYER
690	0:0:17.7.4	QUEUE	ready PLAYER
690	0:0:17.7.5	TASK	run PLAYER
691	0:0:17.7.5	QUEUE	ready HSLOW
691	0:0:17.7.5	QUEUE	ready PLAYER
691	0:0:17.7.0	QUEUE	ready CMOVE-2
691	0:0:17.7.0	QUEUE	ready CMOVE-3
691	0:0:17.7.0	QUEUE	ready CMOVE-4
691	0:0:17.7.0	QUEUE	ready CMOVE-5
691	0:0:17.8.0	TASK	run HSLOW
691	0:0:17.8.0	TASK	run PLAYER
691	0:0:17.8.0	TASK	run CMOVE-2
691	0:0:17.8.0	TASK	run CMOVE-3
691	0:0:17.8.0	TASK	run CMOVE-4
691	0:0:17.8.0	SOUND	slot=4 type=2 vol=131
691	0:0:17.8.0	LOOK	slot=4
691	0:0:17.8.0	TASK	run CMOVE-5
692	0:0:17.8.0	QUEUE	ready PLAYER
692	0:0:17.8.1	TASK	run PLAYER
693	0:0:17.8.1	QUEUE	ready PLAYER
693	0:0:17.8.2	TASK	run PLAYER
694	0:0:17.8.2	QUEUE	ready PLAYER
694	0:0:17.8.3	TASK	run PLAYER
695	0:0:17.8.3	QUEUE	ready PLAYER
695	0:0:17.8.4	TASK	run PLAYER
696	0:0:17.8.4	QUEUE	ready PLAYER
696	0:0:17.8.5	TASK	run PLAYER
697	0:0:17.8.5	QUEUE	ready PLAYER
697	0:0:17.9.0	TASK	run PLAYER
698	0:0:17.9.0	QUEUE	ready PLAYER
698	0:0:17.9.1	TASK	run PLAYER
699	0:0:17.9.1	QUEUE	ready PLAYER
699	0:0:17.9.2	TASK	run PLAYER
700	0:0:17.9.2	QUEUE	ready PLAYER
700	0:0:17.9.3	TASK	run PLAYER
701	0:0:17.9.3	QUEUE	ready PLAYER
701	0:0:17.9.4	TASK	run PLAYER
702	0:0:17.9.4	QUEUE	ready PLAYER
702	0:0:17.9.5	TASK	run PLAYER
703	0:0:17.9.5	QUEUE	ready PLAYER
703	0:0:17.9.0	QUEUE	ready LUKNEW
703	0:0:18.0.0	TASK	run PLAYER
703	0:0:18.0.0	TASK	run LUKNEW
704	0:0:18.0.0	QUEUE	ready PLAYER
704	0:0:18.0.1	TASK	run PLAYER
705	0:0:18.0.1	QUEUE	ready PLAYER
705	0:0:18.0.2	TASK	run PLAYER
706	0:0:18.0.2	QUEUE	ready PLAYER
706	0:0:18.0.3	TASK	run PLAYER
707	0:0:18.0.3	QUEUE	ready PLAYER
707	0:0:18.0.4	TASK	run PLAYER
708	0:0:18.0.4	QUEUE	ready PLAYER
708	0:0:18.0.5	TASK	run PLAYER
709	0:0:18.0.5	QUEUE	ready PLAYER
709	0:0:18.1.0	TASK	run PLAYER
710	0:0:18.1.0	QUEUE	ready PLAYER
710	0:0:18.1.1	TASK	run PLAYER
711	0:0:18.1.1	QUEUE	ready PLAYER
711	0:0:18.1.2	TASK	run PLAYER
712	0:0:18.1.2	QUEUE	ready PLAYER
712	0:0:18.1.3	TASK	run PLAYER
713	0:0:18.1.3	QUEUE	ready PLAYER
713	0:0:18.1.4	TASK	run PLAYER
714	0:0:18.1.4	QUEUE	ready PLAYER
714	0:0:18.1.5	TASK	run PLAYER
715	0:0:18.1.5	QUEUE	ready PLAYER
715	0:0:18.1.0	QUEUE	ready CMOVE-6
715	0:0:18.1.0	QUEUE	ready CMOVE-7
715	0:0:18.1.0	QUEUE	ready CMOVE-8
715	0:0:18.1.0	QUEUE	ready CMOVE-9
715	0:0:18.1.0	QUEUE	ready CMOVE-10
715	0:0:18.1.0	QUEUE	ready CMOVE-11
715	0:0:18.1.0	QUEUE	ready CMOVE-12
715	0:0:18.1.0	QUEUE	ready CMOVE-13
715	0:0:18.1.0	QUEUE	ready CMOVE-14
715	0:0:18.2.0	TASK	run PLAYER
715	0:0:18.2.0	TASK	run CMOVE-6
715	0:0:18.2.0	TASK	run CMOVE-7
715	0:0:18.2.0	TASK	run CMOVE-8
715	0:0:18.2.0	SOUND	slot=8 type=1 vol=100
715	0:0:18.2.0	LOOK	slot=8
715	0:0:18.2.0	TASK	run CMOVE-9
715	0:0:18.2.0	TASK	run CMOVE-10
715	0:0:18.2.0	TASK	run CMOVE-11
715	0:0:18.2.0	TASK	run CMOVE-12
715	0:0:18.2.0	TASK	run CMOVE-13
715	0:0:18.2.0	TASK	run CMOVE-14
716	0:0:18.2.0	QUEUE	ready PLAYER
716	0:0:18.2.1	TASK	run PLAYER
717	0:0:18.2.1	QUEUE	ready PLAYER
717	0:0:18.2.2	TASK	run PLAYER
718	0:0:18.2.2	QUEUE	ready PLAYER
718	0:0:18.2.3	TASK	run PLAYER
719	0:0:18.2.3	QUEUE	ready PLAYER
719	0:0:18.2.4	TASK	run PLAYER
720	0:0:18.2.4	QUEUE	ready PLAYER
720	0:0:18.2.5	TASK	run PLAYER
721	0:0:18.2.5	QUEUE	ready PLAYER
721	0:0:18.2.0	QUEUE	ready LUKNEW
721	0:0:18.3.0	TASK	run PLAYER
721	0:0:18.3.0	TASK	run LUKNEW
722	0:0:18.3.0	QUEUE	ready PLAYER
722	0:0:18.3.1	TASK	run PLAYER
723	0:0:18.3.1	QUEUE	ready PLAYER
723	0:0:18.3.2	TASK	run PLAYER
724	0:0:18.3.2	QUEUE	ready PLAYER
724	0:0:18.3.3	TASK	run PLAYER
725	0:0:18.3.3	QUEUE	ready PLAYER
725	0:0:18.3.4	TASK	run PLAYER
726	0:0:18.3.4	QUEUE	ready PLAYER
726	0:0:18.3.5	TASK	run PLAYER
727	0:0:18.3.5	QUEUE	ready PLAYER
727	0:0:18.4.0	TASK	run PLAYER
728	0:0:18.4.0	QUEUE	ready PLAYER
728	0:0:18.4.1	TASK	run PLAYER
729	0:0:18.4.1	QUEUE	ready PLAYER
729	0:0:18.4.2	TASK	run PLAYER
730	0:0:18.4.2	QUEUE	ready PLAYER
730	0:0:18.4.3	TASK	run PLAYER
731	0:0:18.4.3	QUEUE	ready PLAYER
731	0:0:18.4.4	TASK	run PLAYER
732	0:0:18.4.4	QUEUE	ready PLAYER
732	0:0:18.4.5	TASK	run PLAYER
733	0:0:18.4.5	QUEUE	ready PLAYER
733	0:0:18.5.0	TASK	run PLAYER
734	0:0:18.5.0	QUEUE	ready PLAYER
734	0:0:18.5.1	TASK	run PLAYER
735	0:0:18.5.1	QUEUE	ready PLAYER
735	0:0:18.5.2	TASK	run PLAYER
736	0:0:18.5.2	QUEUE	ready PLAYER
736	0:0:18.5.3	TASK	run PLAYER
737	0:0:18.5.3	QUEUE	ready HSLOW
737	0:0:18.5.3	QUEUE	ready PLAYER
737	0:0:18.5.4	TASK	run HSLOW
737	0:0:18.5.4	TASK	run PLAYER
738	0:0:18.5.4	QUEUE	ready PLAYER
738	0:0:18.5.5	TASK	run PLAYER
739	0:0:18.5.5	QUEUE	ready PLAYER
739	0:0:18.5.0	QUEUE	ready CMOVE-0
739	0:0:18.5.0	QUEUE	ready CMOVE-1
739	0:0:18.5.0	QUEUE	ready LUKNEW
739	0:0:18.6.0	TASK	run PLAYER
739	0:0:18.6.0	TASK	run CMOVE-0
739	0:0:18.6.0	TASK	run CMOVE-1
739	0:0:18.6.0	TASK	run LUKNEW
740	0:0:18.6.0	QUEUE	ready PLAYER
740	0:0:18.6.1	TASK	run PLAYER
741	0:0:18.6.1	QUEUE	ready PLAYER
741	0:0:18.6.2	TASK	run PLAYER
742	0:0:18.6.2	QUEUE	ready PLAYER
742	0:0:18.6.3	TASK	run PLAYER
743	0:0:18.6.3	QUEUE	ready PLAYER
743	0:0:18.6.4	TASK	run PLAYER
744	0:0:18.6.4	QUEUE	ready PLAYER
744	0:0:18.6.5	TASK	run PLAYER
745	0:0:18.6.5	QUEUE	ready PLAYER
745	0:0:18.7.0	TASK	run PLAYER
746	0:0:18.7.0	QUEUE	ready PLAYER
746	0:0:18.7.1	TASK	run PLAYER
747	0:0:18.7.1	QUEUE	ready PLAYER
747	0:0:18.7.2	TASK	run PLAYER
748	0:0:18.7.2	QUEUE	ready PLAYER
748	0:0:18.7.3	TASK	run PLAYER
749	0:0:18.7.3	QUEUE	ready PLAYER
749	0:0:18.7.4	TASK	run PLAYER
750	0:0:18.7.4	QUEUE	ready PLAYER
750	0:0:18.7.5	TASK	run PLAYER
751	0:0:18.7.5	QUEUE	ready PLAYER
751	0:0:18.8.0	TASK	run PLAYER
752	0:0:18.8.0	QUEUE	ready PLAYER
752	0:0:18.8.1	TASK	run PLAYER
753	0:0:18.8.1	QUEUE	ready PLAYER
753	0:0:18.8.2	TASK	run PLAYER
754	0:0:18.8.2	QUEUE	ready PLAYER
754	0:0:18.8.3	TASK	run PLAYER
755	0:0:18.8.3	QUEUE	ready PLAYER
755	0:0:18.8.4	TASK	run PLAYER
756	0:0:18.8.4	QUEUE	ready PLAYER
756	0:0:18.8.5	TASK	run PLAYER
757	0:0:18.8.5	QUEUE	ready PLAYER
757	0:0:18.8.0	QUEUE	ready LUKNEW
757	0:0:18.9.0	TASK	run PLAYER
757	0:0:18.9.0	TASK	run LUKNEW
758	0:0:18.9.0	QUEUE	ready PLAYER
758	0:0:18.9.1	TASK	run PLAYER
759	0:0:18.9.1	QUEUE	ready PLAYER
759	0:0:18.9.2	TASK	run PLAYER
760	0:0:18.9.2	QUEUE	ready PLAYER
760	0:0:18.9.3	TASK	run PLAYER
761	0:0:18.9.3	QUEUE	ready PLAYER
761	0:0:18.9.4	TASK	run PLAYER
762	0:0:18.9.4	QUEUE	ready PLAYER
762	0:0:18.9.5	TASK	run PLAYER
763	0:0:18.9.5	QUEUE	ready PLAYER
763	0:0:19.0.0	TASK	run PLAYER
764	0:0:19.0.0	QUEUE	ready PLAYER
764	0:0:19.0.1	TASK	run PLAYER
765	0:0:19.0.1	QUEUE	ready PLAYER
765	0:0:19.0.2	TASK	run PLAYER
766	0:0:19.0.2	QUEUE	ready PLAYER
766	0:0:19.0.3	TASK	run PLAYER
767	0:0:19.0.3	QUEUE	ready PLAYER
767	0:0:19.0.4	TASK	run PLAYER
768	0:0:19.0.4	QUEUE	ready PLAYER
768	0:0:19.0.5	TASK	run PLAYER
769	0:0:19.0.5	QUEUE	ready PLAYER
769	0:0:19.1.0	TASK	run PLAYER
770	0:0:19.1.0	QUEUE	ready PLAYER
770	0:0:19.1.1	TASK	run PLAYER
771	0:0:19.1.1	QUEUE	ready PLAYER
771	0:0:19.1.2	TASK	run PLAYER
772	0:0:19.1.2	QUEUE	ready PLAYER
772	0:0:19.1.3	TASK	run PLAYER
773	0:0:19.1.3	QUEUE	ready PLAYER
773	0:0:19.1.4	TASK	run PLAYER
774	0:0:19.1.4	QUEUE	ready PLAYER
774	0:0:19.1.5	TASK	run PLAYER
775	0:0:19.1.5	QUEUE	ready PLAYER
775	0:0:19.1.0	QUEUE	ready LUKNEW
775	0:0:19.2.0	TASK	run PLAYER
775	0:0:19.2.0	TASK	run LUKNEW
776	0:0:19.2.0	QUEUE	ready PLAYER
776	0:0:19.2.1	TASK	run PLAYER
777	0:0:19.2.1	QUEUE	ready PLAYER
777	0:0:19.2.2	TASK	run PLAYER
778	0:0:19.2.2	QUEUE	ready PLAYER
778	0:0:19.2.3	TASK	run PLAYER
779	0:0:19.2.3	QUEUE	ready PLAYER
779	0:0:19.2.4	TASK	run PLAYER
780	0:0:19.2.4	QUEUE	ready PLAYER
780	0:0:19.2.5	TASK	run PLAYER
781	0:0:19.2.5	QUEUE	ready PLAYER
781	0:0:19.3.0	TASK	run PLAYER
782	0:0:19.3.0	QUEUE	ready PLAYER
782	0:0:19.3.1	TASK	run PLAYER
783	0:0:19.3.1	QUEUE	ready HSLOW
783	0:0:19.3.1	QUEUE	ready PLAYER
783	0:0:19.3.2	TASK	run HSLOW
783	0:0:19.3.2	TASK	run PLAYER
784	0:0:19.3.2	QUEUE	ready PLAYER
784	0:0:19.3.3	TASK	run PLAYER
785	0:0:19.3.3	QUEUE	ready PLAYER
785	0:0:19.3.4	TASK	run PLAYER
786	0:0:19.3.4	QUEUE	ready PLAYER
786	0:0:19.3.5	TASK	run PLAYER
787	0:0:19.3.5	QUEUE	ready PLAYER
787	0:0:19.4.0	TASK	run PLAYER
788	0:0:19.4.0	QUEUE	ready PLAYER
788	0:0:19.4.1	TASK	run PLAYER
789	0:0:19.4.1	QUEUE	ready PLAYER
789	0:0:19.4.2	TASK	run PLAYER
790	0:0:19.4.2	QUEUE	ready PLAYER
790	0:0:19.4.3	TASK	run PLAYER
791	0:0:19.4.3	QUEUE	ready PLAYER
791	0:0:19.4.4	TASK	run PLAYER
792	0:0:19.4.4	QUEUE	ready PLAYER
792	0:0:19.4.5	TASK	run PLAYER
793	0:0:19.4.5	QUEUE	ready PLAYER
793	0:0:19.4.0	QUEUE	ready LUKNEW
793	0:0:19.5.0	TASK	run PLAYER
793	0:0:19.5.0	TASK	run LUKNEW
794	0:0:19.5.0	QUEUE	ready PLAYER
794	0:0:19.5.1	TASK	run PLAYER
795	0:0:19.5.1	QUEUE	ready PLAYER
795	0:0:19.5.2	TASK	run PLAYER
796	0:0:19.5.2	QUEUE	ready PLAYER
796	0:0:19.5.3	TASK	run PLAYER
797	0:0:19.5.3	QUEUE	ready PLAYER
797	0:0:19.5.4	TASK	run PLAYER
798	0:0:19.5.4	QUEUE	ready PLAYER
798	0:0:19.5.5	TASK	run PLAYER
799	0:0:19.5.5	QUEUE	ready PLAYER
799	0:0:19.6.0	TASK	run PLAYER
800	0:0:19.6.0	QUEUE	ready PLAYER
800	0:0:19.6.1	TASK	run PLAYER
801	0:0:19.6.1	QUEUE	ready PLAYER
801	0:0:19.6.2	TASK	run PLAYER
802	0:0:19.6.2	QUEUE	ready PLAYER
802	0:0:19.6.3	TASK	run PLAYER
803	0:0:19.6.3	QUEUE	ready PLAYER
803	0:0:19.6.4	TASK	run PLAYER
804	0:0:19.6.4	QUEUE	ready PLAYER
804	0:0:19.6.5	TASK	run PLAYER
805	0:0:19.6.5	QUEUE	ready PLAYER
805	0:0:19.6.0	QUEUE	ready CMOVE-6
805	0:0:19.6.0	QUEUE	ready CMOVE-7
805	0:0:19.6.0	QUEUE	ready CMOVE-8
805	0:0:19.6.0	QUEUE	ready CMOVE-9
805	0:0:19.6.0	QUEUE	ready CMOVE-10
805	0:0:19.6.0	QUEUE	ready CMOVE-11
805	0:0:19.6.0	QUEUE	ready CMOVE-12
805	0:0:19.6.0	QUEUE	ready CMOVE-13
805	0:0:19.6.0	QUEUE	ready CMOVE-14
805	0:0:19.7.0	TASK	run PLAYER
805	0:0:19.7.0	TASK	run CMOVE-6
805	0:0:19.7.0	TASK	run CMOVE-7
805	0:0:19.7.0	TASK	run CMOVE-8
805	0:0:19.7.0	SOUND	slot=8 silent
805	0:0:19.7.0	LOOK	slot=8
805	0:0:19.7.0	TASK	run CMOVE-9
805	0:0:19.7.0	TASK	run CMOVE-10
805	0:0:19.7.0	TASK	run CMOVE-11
805	0:0:19.7.0	TASK	run CMOVE-12
805	0:0:19.7.0	TASK	run CMOVE-13
805	0:0:19.7.0	TASK	run CMOVE-14
805	0:0:19.7.0	SOUND	slot=14 silent
805	0:0:19.7.0	LOOK	slot=14
806	0:0:19.7.0	QUEUE	ready PLAYER
806	0:0:19.7.1	TASK	run PLAYER
807	0:0:19.7.1	QUEUE	ready PLAYER
807	0:0:19.7.2	TASK	run PLAYER
808	0:0:19.7.2	QUEUE	ready PLAYER
808	0:0:19.7.3	TASK	run PLAYER
809	0:0:19.7.3	QUEUE	ready PLAYER
809	0:0:19.7.4	TASK	run PLAYER
810	0:0:19.7.4	QUEUE	ready PLAYER
810	0:0:19.7.5	TASK	run PLAYER
811	0:0:19.7.5	QUEUE	ready PLAYER
811	0:0:19.7.0	QUEUE	ready LUKNEW
811	0:0:19.8.0	TASK	run PLAYER
811	0:0:19.8.0	TASK	run LUKNEW
812	0:0:19.8.0	QUEUE	ready PLAYER
812	0:0:19.8.1	TASK	run PLAYER
813	0:0:19.8.1	QUEUE	ready PLAYER
813	0:0:19.8.2	TASK	run PLAYER
814	0:0:19.8.2	QUEUE	ready PLAYER
814	0:0:19.8.3	TASK	run PLAYER
815	0:0:19.8.3	QUEUE	ready PLAYER
815	0:0:19.8.4	TASK	run PLAYER
816	0:0:19.8.4	QUEUE	ready PLAYER
816	0:0:19.8.5	TASK	run PLAYER
817	0:0:19.8.5	QUEUE	ready PLAYER
817	0:0:19.9.0	TASK	run PLAYER
818	0:0:19.9.0	QUEUE	ready PLAYER
818	0:0:19.9.1	TASK	run PLAYER
819	0:0:19.9.1	QUEUE	ready PLAYER
819	0:0:19.9.2	TASK	run PLAYER
820	0:0:19.9.2	QUEUE	ready PLAYER
820	0:0:19.9.3	TASK	run PLAYER
821	0:0:19.9.3	QUEUE	ready PLAYER
821	0:0:19.9.4	TASK	run PLAYER
822	0:0:19.9.4	QUEUE	ready PLAYER
822	0:0:19.9.5	TASK	run PLAYER
823	0:0:19.9.5	QUEUE	ready PLAYER
823	0:0:19.9.0	QUEUE	ready CMOVE-15
823	0:0:19.9.0	QUEUE	ready CMOVE-16
823	0:0:19.9.0	QUEUE	ready CMOVE-17
823	0:0:19.9.0	QUEUE	ready CMOVE-18
823	0:0:19.9.0	QUEUE	ready CMOVE-19
823	0:0:19.9.0	QUEUE	ready CMOVE-20
823	0:0:19.9.0	QUEUE	ready CMOVE-21
823	0:0:19.9.0	QUEUE	ready CMOVE-22
823	0:0:19.9.0	QUEUE	ready CMOVE-23
823	0:0:20.0.0	TASK	run PLAYER
823	0:0:20.0.0	TASK	run CMOVE-15
823	0:0:20.0.0	TASK	run CMOVE-16
823	0:0:20.0.0	TASK	run CMOVE-17
823	0:0:20.0.0	SOUND	slot=17 type=0 vol=38
823	0:0:20.0.0	LOOK	slot=17
823	0:0:20.0.0	TASK	run CMOVE-18
823	0:0:20.0.0	TASK	run CMOVE-19
823	0:0:20.0.0	TASK	run CMOVE-20
823	0:0:20.0.0	TASK	run CMOVE-21
823	0:0:20.0.0	TASK	run CMOVE-22
823	0:0:20.0.0	TASK	run CMOVE-23
824	0:0:20.0.0	QUEUE	ready PLAYER
824	0:0:20.0.1	TASK	run PLAYER
825	0:0:20.0.1	QUEUE	ready PLAYER
825	0:0:20.0.2	TASK	run PLAYER
826	0:0:20.0.2	QUEUE	ready PLAYER
826	0:0:20.0.3	TASK	run PLAYER
827	0:0:20.0.3	QUEUE	ready PLAYER
827	0:0:20.0.4	TASK	run PLAYER
828	0:0:20.0.4	QUEUE	ready PLAYER
828	0:0:20.0.5	TASK	run PLAYER
829	0:0:20.0.5	QUEUE	ready HSLOW
829	0:0:20.0.5	QUEUE	ready PLAYER
829	0:0:20.0.0	QUEUE	ready LUKNEW
829	0:0:20.1.0	TASK	run HSLOW
829	0:0:20.1.0	TASK	run PLAYER
829	0:0:20.1.0	TASK	run LUKNEW
830	0:0:20.1.0	QUEUE	ready PLAYER
830	0:0:20.1.1	TASK	run PLAYER
831	0:0:20.1.1	QUEUE	ready PLAYER
831	0:0:20.1.2	TASK	run PLAYER
832	0:0:20.1.2	QUEUE	ready PLAYER
832	0:0:20.1.3	TASK	run PLAYER
833	0:0:20.1.3	QUEUE	ready PLAYER
833	0:0:20.1.4	TASK	run PLAYER
834	0:0:20.1.4	QUEUE	ready PLAYER
834	0:0:20.1.5	TASK	run PLAYER
835	0:0:20.1.5	QUEUE	ready PLAYER
835	0:0:20.2.0	TASK	run PLAYER
836	0:0:20.2.0	QUEUE	ready PLAYER
836	0:0:20.2.1	TASK	run PLAYER
837	0:0:20.2.1	QUEUE	ready PLAYER
837	0:0:20.2.2	TASK	run PLAYER
838	0:0:20.2.2	QUEUE	ready PLAYER
838	0:0:20.2.3	TASK	run PLAYER
839	0:0:20.2.3	QUEUE	ready PLAYER
839	0:0:20.2.4	TASK	run PLAYER
840	0:0:20.2.4	QUEUE	ready PLAYER
840	0:0:20.2.5	TASK	run PLAYER
841	0:0:20.2.5	QUEUE	ready PLAYER
841	0:0:20.3.0	TASK	run PLAYER
842	0:0:20.3.0	QUEUE	ready PLAYER
842	0:0:20.3.1	TASK	run PLAYER
843	0:0:20.3.1	QUEUE	ready PLAYER
843	0:0:20.3.2	TASK	run PLAYER
844	0:0:20.3.2	QUEUE	ready PLAYER
844	0:0:20.3.3	TASK	run PLAYER
845	0:0:20.3.3	QUEUE	ready PLAYER
845	0:0:20.3.4	TASK	run PLAYER
846	0:0:20.3.4	QUEUE	ready PLAYER
846	0:0:20.3.5	TASK	run PLAYER
847	0:0:20.3.5	QUEUE	ready PLAYER
847	0:0:20.3.0	QUEUE	ready LUKNEW
847	0:0:20.4.0	TASK	run PLAYER
847	0:0:20.4.0	TASK	run LUKNEW
848	0:0:20.4.0	QUEUE	ready PLAYER
848	0:0:20.4.1	TASK	run PLAYER
849	0:0:20.4.1	QUEUE	ready PLAYER
849	0:0:20.4.2	TASK	run PLAYER
850	0:0:20.4.2	QUEUE	ready PLAYER
850	0:0:20.4.3	TASK	run PLAYER
851	0:0:20.4.3	QUEUE	ready PLAYER
851	0:0:20.4.4	TASK	run PLAYER
852	0:0:20.4.4	QUEUE	ready PLAYER
852	0:0:20.4.5	TASK	run PLAYER
853	0:0:20.4.5	QUEUE	ready PLAYER
853	0:0:20.5.0	TASK	run PLAYER
854	0:0:20.5.0	QUEUE	ready PLAYER
854	0:0:20.5.1	TASK	run PLAYER
855	0:0:20.5.1	QUEUE	ready PLAYER
855	0:0:20.5.2	TASK	run PLAYER
856	0:0:20.5.2	QUEUE	ready PLAYER
856	0:0:20.5.3	TASK	run PLAYER
857	0:0:20.5.3	QUEUE	ready PLAYER
857	0:0:20.5.4	TASK	run PLAYER
858	0:0:20.5.4	QUEUE	ready PLAYER
858	0:0:20.5.5	TASK	run PLAYER
859	0:0:20.5.5	QUEUE	ready PLAYER
859	0:0:20.6.0	TASK	run PLAYER
860	0:0:20.6.0	QUEUE	ready PLAYER
860	0:0:20.6.1	TASK	run PLAYER
861	0:0:20.6.1	QUEUE	ready PLAYER
861	0:0:20.6.2	TASK	run PLAYER
862	0:0:20.6.2	QUEUE	ready PLAYER
862	0:0:20.6.3	TASK	run PLAYER
863	0:0:20.6.3	QUEUE	ready PLAYER
863	0:0:20.6.4	TASK	run PLAYER
864	0:0:20.6.4	QUEUE	ready PLAYER
864	0:0:20.6.5	TASK	run PLAYER
865	0:0:20.6.5	QUEUE	ready PLAYER
865	0:0:20.6.0	QUEUE	ready CMOVE-2
865	0:0:20.6.0	QUEUE	ready CMOVE-3
865	0:0:20.6.0	QUEUE	ready CMOVE-4
865	0:0:20.6.0	QUEUE	ready CMOVE-5
865	0:0:20.6.0	QUEUE	ready LUKNEW
865	0:0:20.7.0	TASK	run PLAYER
865	0:0:20.7.0	TASK	run CMOVE-2
865	0:0:20.7.0	TASK	run CMOVE-3
865	0:0:20.7.0	TASK	run CMOVE-4
865	0:0:20.7.0	SOUND	slot=4 silent
865	0:0:20.7.0	LOOK	slot=4
865	0:0:20.7.0	TASK	run CMOVE-5
865	0:0:20.7.0	TASK	run LUKNEW
866	0:0:20.7.0	QUEUE	ready PLAYER
866	0:0:20.7.1	TASK	run PLAYER
867	0:0:20.7.1	QUEUE	ready PLAYER
867	0:0:20.7.2	TASK	run PLAYER
868	0:0:20.7.2	QUEUE	ready PLAYER
868	0:0:20.7.3	TASK	run PLAYER
869	0:0:20.7.3	QUEUE	ready PLAYER
869	0:0:20.7.4	TASK	run PLAYER
870	0:0:20.7.4	QUEUE	ready PLAYER
870	0:0:20.7.5	TASK	run PLAYER
871	0:0:20.7.5	QUEUE	ready PLAYER
871	0:0:20.8.0	TASK	run PLAYER
872	0:0:20.8.0	QUEUE	ready PLAYER
872	0:0:20.8.1	TASK	run PLAYER
873	0:0:20.8.1	QUEUE	ready PLAYER
873	0:0:20.8.2	TASK	run PLAYER
874	0:0:20.8.2	QUEUE	ready PLAYER
874	0:0:20.8.3	TASK	run PLAYER
875	0:0:20.8.3	QUEUE	ready HSLOW
875	0:0:20.8.3	QUEUE	ready PLAYER
875	0:0:20.8.4	TASK	run HSLOW
875	0:0:20.8.4	TASK	run PLAYER
876	0:0:20.8.4	QUEUE	ready PLAYER
876	0:0:20.8.5	TASK	run PLAYER
877	0:0:20.8.5	QUEUE	ready PLAYER
877	0:0:20.9.0	TASK	run PLAYER
878	0:0:20.9.0	QUEUE	ready PLAYER
878	0:0:20.9.1	TASK	run PLAYER
879	0:0:20.9.1	QUEUE	ready PLAYER
879	0:0:20.9.2	TASK	run PLAYER
880	0:0:20.9.2	QUEUE	ready PLAYER
880	0:0:20.9.3	TASK	run PLAYER
881	0:0:20.9.3	QUEUE	ready PLAYER
881	0:0:20.9.4	TASK	run PLAYER
882	0:0:20.9.4	QUEUE	ready PLAYER
882	0:0:20.9.5	TASK	run PLAYER
883	0:0:20.9.5	QUEUE	ready PLAYER
883	0:0:20.9.0	QUEUE	ready LUKNEW
883	0:0:21.0.0	TASK	run PLAYER
883	0:0:21.0.0	TASK	run LUKNEW
884	0:0:21.0.0	QUEUE	ready PLAYER
884	0:0:21.0.1	TASK	run PLAYER
885	0:0:21.0.1	QUEUE	ready PLAYER
885	0:0:21.0.2	TASK	run PLAYER
886	0:0:21.0.2	QUEUE	ready PLAYER
886	0:0:21.0.3	TASK	run PLAYER
887	0:0:21.0.3	QUEUE	ready PLAYER
887	0:0:21.0.4	TASK	run PLAYER
888	0:0:21.0.4	QUEUE	ready PLAYER
888	0:0:21.0.5	TASK	run PLAYER
889	0:0:21.0.5	QUEUE	ready PLAYER
889	0:0:21.1.0	TASK	run PLAYER
890	0:0:21.1.0	QUEUE	ready PLAYER
890	0:0:21.1.1	TASK	run PLAYER
891	0:0:21.1.1	QUEUE	ready PLAYER
891	0:0:21.1.2	TASK	run PLAYER
892	0:0:21.1.2	QUEUE	ready PLAYER
892	0:0:21.1.3	TASK	run PLAYER
893	0:0:21.1.3	QUEUE	ready PLAYER
893	0:0:21.1.4	TASK	run PLAYER
894	0:0:21.1.4	QUEUE	ready PLAYER
894	0:0:21.1.5	TASK	run PLAYER
895	0:0:21.1.5	QUEUE	ready PLAYER
895	0:0:21.1.0	QUEUE	ready CMOVE-6
895	0:0:21.1.0	QUEUE	ready CMOVE-7
895	0:0:21.1.0	QUEUE	ready CMOVE-8
895	0:0:21.1.0	QUEUE	ready CMOVE-9
895	0:0:21.1.0	QUEUE	ready CMOVE-10
895	0:0:21.1.0	QUEUE	ready CMOVE-11
895	0:0:21.1.0	QUEUE	ready CMOVE-12
895	0:0:21.1.0	QUEUE	ready CMOVE-13
895	0:0:21.1.0	QUEUE	ready CMOVE-14
895	0:0:21.2.0	TASK	run PLAYER
895	0:0:21.2.0	TASK	run CMOVE-6
895	0:0:21.2.0	TASK	run CMOVE-7
895	0:0:21.2.0	TASK	run CMOVE-8
895	0:0:21.2.0	SOUND	slot=8 type=1 vol=162
895	0:0:21.2.0	LOOK	slot=8
895	0:0:21.2.0	TASK	run CMOVE-9
895	0:0:21.2.0	TASK	run CMOVE-10
895	0:0:21.2.0	TASK	run CMOVE-11
895	0:0:21.2.0	TASK	run CMOVE-12
895	0:0:21.2.0	TASK	run CMOVE-13
895	0:0:21.2.0	TASK	run CMOVE-14
895	0:0:21.2.0	SOUND	slot=14 silent
895	0:0:21.2.0	LOOK	slot=14
896	0:0:21.2.0	QUEUE	ready PLAYER
896	0:0:21.2.1	TASK	run PLAYER
897	0:0:21.2.1	QUEUE	ready PLAYER
897	0:0:21.2.2	TASK	run PLAYER
898	0:0:21.2.2	QUEUE	ready PLAYER
898	0:0:21.2.3	TASK	run PLAYER
899	0:0:21.2.3	QUEUE	ready PLAYER
899	0:0:21.2.4	TASK	run PLAYER
900	0:0:21.2.4	QUEUE	ready PLAYER
900	0:0:21.2.5	TASK	run PLAYER
901	0:0:21.2.5	QUEUE	ready PLAYER
901	0:0:21.2.0	QUEUE	ready LUKNEW
901	0:0:21.3.0	TASK	run PLAYER
901	0:0:21.3.0	TASK	run LUKNEW
902	0:0:21.3.0	QUEUE	ready PLAYER
902	0:0:21.3.1	TASK	run PLAYER
903	0:0:21.3.1	QUEUE	ready PLAYER
903	0:0:21.3.2	TASK	run PLAYER
904	0:0:21.3.2	QUEUE	ready PLAYER
904	0:0:21.3.3	TASK	run PLAYER
905	0:0:21.3.3	QUEUE	ready PLAYER
905	0:0:21.3.4	TASK	run PLAYER
906	0:0:21.3.4	QUEUE	ready PLAYER
906	0:0:21.3.5	TASK	run PLAYER
907	0:0:21.3.5	QUEUE	ready PLAYER
907	0:0:21.4.0	TASK	run PLAYER
908	0:0:21.4.0	QUEUE	ready PLAYER
908	0:0:21.4.1	TASK	run PLAYER
909	0:0:21.4.1	QUEUE	ready PLAYER
909	0:0:21.4.2	TASK	run PLAYER
910	0:0:21.4.2	QUEUE	ready PLAYER
910	0:0:21.4.3	TASK	run PLAYER
911	0:0:21.4.3	QUEUE	ready PLAYER
911	0:0:21.4.4	TASK	run PLAYER
912	0:0:21.4.4	QUEUE	ready PLAYER
912	0:0:21.4.5	TASK	run PLAYER
913	0:0:21.4.5	QUEUE	ready PLAYER
913	0:0:21.5.0	TASK	run PLAYER
914	0:0:21.5.0	QUEUE	ready PLAYER
914	0:0:21.5.1	TASK	run PLAYER
915	0:0:21.5.1	QUEUE	ready PLAYER
915	0:0:21.5.2	TASK	run PLAYER
916	0:0:21.5.2	QUEUE	ready PLAYER
916	0:0:21.5.3	TASK	run PLAYER
917	0:0:21.5.3	QUEUE	ready PLAYER
917	0:0:21.5.4	TASK	run PLAYER
918	0:0:21.5.4	QUEUE	ready PLAYER
918	0:0:21.5.5	TASK	run PLAYER
919	0:0:21.5.5	QUEUE	ready PLAYER
919	0:0:21.5.0	QUEUE	ready LUKNEW
919	0:0:21.6.0	TASK	run PLAYER
919	0:0:21.6.0	TASK	run LUKNEW
920	0:0:21.6.0	QUEUE	ready PLAYER
920	0:0:21.6.1	TASK	run PLAYER
921	0:0:21.6.1	QUEUE	ready HSLOW
921	0:0:21.6.1	QUEUE	ready PLAYER
921	0:0:21.6.2	TASK	run HSLOW
921	0:0:21.6.2	TASK	run PLAYER
922	0:0:21.6.2	QUEUE	ready PLAYER
922	0:0:21.6.3	TASK	run PLAYER
923	0:0:21.6.3	QUEUE	ready PLAYER
923	0:0:21.6.4	TASK	run PLAYER
924	0:0:21.6.4	QUEUE	ready PLAYER
924	0:0:21.6.5	TASK	run PLAYER
925	0:0:21.6.5	QUEUE	ready PLAYER
925	0:0:21.6.0	QUEUE	ready CMOVE-0
925	0:0:21.6.0	QUEUE	ready CMOVE-1
925	0:0:21.7.0	TASK	run PLAYER
925	0:0:21.7.0	TASK	run CMOVE-0
925	0:0:21.7.0	TASK	run CMOVE-1
926	0:0:21.7.0	QUEUE	ready PLAYER
926	0:0:21.7.1	TASK	run PLAYER
927	0:0:21.7.1	QUEUE	ready PLAYER
927	0:0:21.7.2	TASK	run PLAYER
928	0:0:21.7.2	QUEUE	ready PLAYER
928	0:0:21.7.3	TASK	run PLAYER
929	0:0:21.7.3	QUEUE	ready PLAYER
929	0:0:21.7.4	TASK	run PLAYER
930	0:0:21.7.4	QUEUE	ready PLAYER
930	0:0:21.7.5	TASK	run PLAYER
931	0:0:21.7.5	QUEUE	ready PLAYER
931	0:0:21.8.0	TASK	run PLAYER
932	0:0:21.8.0	QUEUE	ready PLAYER
932	0:0:21.8.1	TASK	run PLAYER
933	0:0:21.8.1	QUEUE	ready PLAYER
933	0:0:21.8.2	TASK	run PLAYER
934	0:0:21.8.2	QUEUE	ready PLAYER
934	0:0:21.8.3	TASK	run PLAYER
935	0:0:21.8.3	QUEUE	ready PLAYER
935	0:0:21.8.4	TASK	run PLAYER
936	0:0:21.8.4	QUEUE	ready PLAYER
936	0:0:21.8.5	TASK	run PLAYER
937	0:0:21.8.5	QUEUE	ready PLAYER
937	0:0:21.8.0	QUEUE	ready LUKNEW
937	0:0:21.9.0	TASK	run PLAYER
937	0:0:21.9.0	TASK	run LUKNEW
938	0:0:21.9.0	QUEUE	ready PLAYER
938	0:0:21.9.1	TASK	run PLAYER
939	0:0:21.9.1	QUEUE	ready PLAYER
939	0:0:21.9.2	TASK	run PLAYER
940	0:0:21.9.2	QUEUE	ready PLAYER
940	0:0:21.9.3	TASK	run PLAYER
941	0:0:21.9.3	QUEUE	ready PLAYER
941	0:0:21.9.4	TASK	run PLAYER
942	0:0:21.9.4	QUEUE	ready PLAYER
942	0:0:21.9.5	TASK	run PLAYER
943	0:0:21.9.5	QUEUE	ready PLAYER
943	0:0:22.0.0	TASK	run PLAYER
944	0:0:22.0.0	QUEUE	ready PLAYER
944	0:0:22.0.1	TASK	run PLAYER
945	0:0:22.0.1	QUEUE	ready PLAYER
945	0:0:22.0.2	TASK	run PLAYER
946	0:0:22.0.2	QUEUE	ready PLAYER
946	0:0:22.0.3	TASK	run PLAYER
947	0:0:22.0.3	QUEUE	ready PLAYER
947	0:0:22.0.4	TASK	run PLAYER
948	0:0:22.0.4	QUEUE	ready PLAYER
948	0:0:22.0.5	TASK	run PLAYER
949	0:0:22.0.5	QUEUE	ready PLAYER
949	0:0:22.1.0	TASK	run PLAYER
950	0:0:22.1.0	QUEUE	ready PLAYER
950	0:0:22.1.1	TASK	run PLAYER
951	0:0:22.1.1	QUEUE	ready PLAYER
951	0:0:22.1.2	TASK	run PLAYER
952	0:0:22.1.2	QUEUE	ready PLAYER
952	0:0:22.1.3	TASK	run PLAYER
953	0:0:22.1.3	QUEUE	ready PLAYER
953	0:0:22.1.4	TASK	run PLAYER
954	0:0:22.1.4	QUEUE	ready PLAYER
954	0:0:22.1.5	TASK	run PLAYER
955	0:0:22.1.5	QUEUE	ready PLAYER
955	0:0:22.1.0	QUEUE	ready LUKNEW
955	0:0:22.2.0	TASK	run PLAYER
955	0:0:22.2.0	TASK	run LUKNEW
956	0:0:22.2.0	QUEUE	ready PLAYER
956	0:0:22.2.1	TASK	run PLAYER
957	0:0:22.2.1	QUEUE	ready PLAYER
957	0:0:22.2.2	TASK	run PLAYER
958	0:0:22.2.2	QUEUE	ready PLAYER
958	0:0:22.2.3	TASK	run PLAYER
959	0:0:22.2.3	QUEUE	ready PLAYER
959	0:0:22.2.4	TASK	run PLAYER
960	0:0:22.2.4	QUEUE	ready PLAYER
960	0:0:22.2.5	TASK	run PLAYER
961	0:0:22.2.5	QUEUE	ready PLAYER
961	0:0:22.2.0	QUEUE	ready CMOVE-15
961	0:0:22.2.0	QUEUE	ready CMOVE-16
961	0:0:22.2.0	QUEUE	ready CMOVE-17
961	0:0:22.2.0	QUEUE	ready CMOVE-18
961	0:0:22.2.0	QUEUE	ready CMOVE-19
961	0:0:22.2.0	QUEUE	ready CMOVE-20
961	0:0:22.2.0	QUEUE	ready CMOVE-21
961	0:0:22.2.0	QUEUE	ready CMOVE-22
961	0:0:22.2.0	QUEUE	ready CMOVE-23
961	0:0:22.3.0	TASK	run PLAYER
961	0:0:22.3.0	TASK	run CMOVE-15
961	0:0:22.3.0	TASK	run CMOVE-16
961	0:0:22.3.0	TASK	run CMOVE-17
961	0:0:22.3.0	SOUND	slot=17 silent
961	0:0:22.3.0	LOOK	slot=17
961	0:0:22.3.0	TASK	run CMOVE-18
961	0:0:22.3.0	TASK	run CMOVE-19
961	0:0:22.3.0	TASK	run CMOVE-20
961	0:0:22.3.0	TASK	run CMOVE-21
961	0:0:22.3.0	TASK	run CMOVE-22
961	0:0:22.3.0	TASK	run CMOVE-23
962	0:0:22.3.0	QUEUE	ready PLAYER
962	0:0:22.3.1	TASK	run PLAYER
963	0:0:22.3.1	QUEUE	ready PLAYER
963	0:0:22.3.2	TASK	run PLAYER
964	0:0:22.3.2	QUEUE	ready PLAYER
964	0:0:22.3.3	TASK	run PLAYER
965	0:0:22.3.3	QUEUE	ready PLAYER
965	0:0:22.3.4	TASK	run PLAYER
966	0:0:22.3.4	QUEUE	ready PLAYER
966	0:0:22.3.5	TASK	run PLAYER
967	0:0:22.3.5	QUEUE	ready HSLOW
967	0:0:22.3.5	QUEUE	ready PLAYER
967	0:0:22.4.0	TASK	run HSLOW
967	0:0:22.4.0	TASK	run PLAYER
968	0:0:22.4.0	QUEUE	ready PLAYER
968	0:0:22.4.1	TASK	run PLAYER
969	0:0:22.4.1	QUEUE	ready PLAYER
969	0:0:22.4.2	TASK	run PLAYER
970	0:0:22.4.2	QUEUE	ready PLAYER
970	0:0:22.4.3	TASK	run PLAYER
971	0:0:22.4.3	QUEUE	ready PLAYER
971	0:0:22.4.4	TASK	run PLAYER
972	0:0:22.4.4	QUEUE	ready PLAYER
972	0:0:22.4.5	TASK	run PLAYER
973	0:0:22.4.5	QUEUE	ready PLAYER
973	0:0:22.4.0	QUEUE	ready LUKNEW
973	0:0:22.5.0	TASK	run PLAYER
973	0:0:22.5.0	TASK	run LUKNEW
974	0:0:22.5.0	QUEUE	ready PLAYER
974	0:0:22.5.1	TASK	run PLAYER
975	0:0:22.5.1	QUEUE	ready PLAYER
975	0:0:22.5.2	TASK	run PLAYER
976	0:0:22.5.2	QUEUE	ready PLAYER
976	0:0:22.5.3	TASK	run PLAYER
977	0:0:22.5.3	QUEUE	ready PLAYER
977	0:0:22.5.4	TASK	run PLAYER
978	0:0:22.5.4	QUEUE	ready PLAYER
978	0:0:22.5.5	TASK	run PLAYER
979	0:0:22.5.5	QUEUE	ready PLAYER
979	0:0:22.6.0	TASK	run PLAYER
980	0:0:22.6.0	QUEUE	ready PLAYER
980	0:0:22.6.1	TASK	run PLAYER
981	0:0:22.6.1	QUEUE	ready PLAYER
981	0:0:22.6.2	TASK	run PLAYER
982	0:0:22.6.2	QUEUE	ready PLAYER
982	0:0:22.6.3	TASK	run PLAYER
983	0:0:22.6.3	QUEUE	ready PLAYER
983	0:0:22.6.4	TASK	run PLAYER
984	0:0:22.6.4	QUEUE	ready PLAYER
984	0:0:22.6.5	TASK	run PLAYER
985	0:0:22.6.5	QUEUE	ready PLAYER
985	0:0:22.6.0	QUEUE	ready CMOVE-6
985	0:0:22.6.0	QUEUE	ready CMOVE-7
985	0:0:22.6.0	QUEUE	ready CMOVE-8
985	0:0:22.6.0	QUEUE	ready CMOVE-9
985	0:0:22.6.0	QUEUE	ready CMOVE-10
985	0:0:22.6.0	QUEUE	ready CMOVE-11
985	0:0:22.6.0	QUEUE	ready CMOVE-12
985	0:0:22.6.0	QUEUE	ready CMOVE-13
985	0:0:22.6.0	QUEUE	ready CMOVE-14
985	0:0:22.7.0	TASK	run PLAYER
985	0:0:22.7.0	TASK	run CMOVE-6
985	0:0:22.7.0	TASK	run CMOVE-7
985	0:0:22.7.0	TASK	run CMOVE-8
985	0:0:22.7.0	SOUND	slot=8 type=1 vol=193
985	0:0:22.7.0	LOOK	slot=8
985	0:0:22.7.0	TASK	run CMOVE-9
985	0:0:22.7.0	TASK	run CMOVE-10
985	0:0:22.7.0	TASK	run CMOVE-11
985	0:0:22.7.0	TASK	run CMOVE-12
985	0:0:22.7.0	TASK	run CMOVE-13
985	0:0:22.7.0	TASK	run CMOVE-14
985	0:0:22.7.0	SOUND	slot=14 silent
985	0:0:22.7.0	LOOK	slot=14
986	0:0:22.7.0	QUEUE	ready PLAYER
986	0:0:22.7.1	TASK	run PLAYER
987	0:0:22.7.1	QUEUE	ready PLAYER
987	0:0:22.7.2	TASK	run PLAYER
988	0:0:22.7.2	QUEUE	ready PLAYER
988	0:0:22.7.3	TASK	run PLAYER
989	0:0:22.7.3	QUEUE	ready PLAYER
989	0:0:22.7.4	TASK	run PLAYER
990	0:0:22.7.4	QUEUE	ready PLAYER
990	0:0:22.7.5	TASK	run PLAYER
991	0:0:22.7.5	QUEUE	ready PLAYER
991	0:0:22.7.0	QUEUE	ready LUKNEW
991	0:0:22.8.0	TASK	run PLAYER
991	0:0:22.8.0	TASK	run LUKNEW
992	0:0:22.8.0	QUEUE	ready PLAYER
992	0:0:22.8.1	TASK	run PLAYER
993	0:0:22.8.1	QUEUE	ready PLAYER
993	0:0:22.8.2	TASK	run PLAYER
994	0:0:22.8.2	QUEUE	ready PLAYER
994	0:0:22.8.3	TASK	run PLAYER
995	0:0:22.8.3	QUEUE	ready PLAYER
995	0:0:22.8.4	TASK	run PLAYER
996	0:0:22.8.4	QUEUE	ready PLAYER
996	0:0:22.8.5	TASK	run PLAYER
997	0:0:22.8.5	QUEUE	ready PLAYER
997	0:0:22.9.0	TASK	run PLAYER
998	0:0:22.9.0	QUEUE	ready PLAYER
998	0:0:22.9.1	TASK	run PLAYER
999	0:0:22.9.1	QUEUE	ready PLAYER
999	0:0:22.9.2	TASK	run PLAYER
1000	0:0:22.9.2	QUEUE	ready PLAYER
1000	0:0:22.9.3	TASK	run PLAYER
1001	0:0:22.9.3	QUEUE	ready PLAYER
1001	0:0:22.9.4	TASK	run PLAYER
1002	0:0:22.9.4	QUEUE	ready PLAYER
1002	0:0:22.9.5	TASK	run PLAYER
1003	0:0:22.9.5	QUEUE	ready PLAYER
1003	0:0:23.0.0	TASK	run PLAYER
1004	0:0:23.0.0	QUEUE	ready PLAYER
1004	0:0:23.0.1	TASK	run PLAYER
1005	0:0:23.0.1	QUEUE	ready PLAYER
1005	0:0:23.0.2	TASK	run PLAYER
1006	0:0:23.0.2	QUEUE	ready PLAYER
1006	0:0:23.0.3	TASK	run PLAYER
1007	0:0:23.0.3	QUEUE	ready PLAYER
1007	0:0:23.0.4	TASK	run PLAYER
1008	0:0:23.0.4	QUEUE	ready PLAYER
1008	0:0:23.0.5	TASK	run PLAYER
1009	0:0:23.0.5	QUEUE	ready PLAYER
1009	0:0:23.0.0	QUEUE	ready LUKNEW
1009	0:0:23.1.0	TASK	run PLAYER
1009	0:0:23.1.0	TASK	run LUKNEW
1010	0:0:23.1.0	QUEUE	ready PLAYER
1010	0:0:23.1.1	TASK	run PLAYER
1011	0:0:23.1.1	QUEUE	ready PLAYER
1011	0:0:23.1.2	TASK	run PLAYER
1012	0:0:23.1.2	QUEUE	ready PLAYER
1012	0:0:23.1.3	TASK	run PLAYER
1013	0:0:23.1.3	QUEUE	ready HSLOW
1013	0:0:23.1.3	QUEUE	ready PLAYER
1013	0:0:23.1.4	TASK	run HSLOW
1013	0:0:23.1.4	TASK	run PLAYER
1014	0:0:23.1.4	QUEUE	ready PLAYER
1014	0:0:23.1.5	TASK	run PLAYER
1015	0:0:23.1.5	QUEUE	ready PLAYER
1015	0:0:23.2.0	TASK	run PLAYER
1016	0:0:23.2.0	QUEUE	ready PLAYER
1016	0:0:23.2.1	TASK	run PLAYER
1017	0:0:23.2.1	QUEUE	ready PLAYER
1017	0:0:23.2.2	TASK	run PLAYER
1018	0:0:23.2.2	QUEUE	ready PLAYER
1018	0:0:23.2.3	TASK	run PLAYER
1019	0:0:23.2.3	QUEUE	ready PLAYER
1019	0:0:23.2.4	TASK	run PLAYER
1020	0:0:23.2.4	QUEUE	ready PLAYER
1020	0:0:23.2.5	TASK	run PLAYER
1021	0:0:23.2.5	QUEUE	ready PLAYER
1021	0:0:23.3.0	TASK	run PLAYER
1022	0:0:23.3.0	QUEUE	ready PLAYER
1022	0:0:23.3.1	TASK	run PLAYER
1023	0:0:23.3.1	QUEUE	ready PLAYER
1023	0:0:23.3.2	TASK	run PLAYER
1024	0:0:23.3.2	QUEUE	ready PLAYER
1024	0:0:23.3.3	TASK	run PLAYER
1025	0:0:23.3.3	QUEUE	ready PLAYER
1025	0:0:23.3.4	TASK	run PLAYER
1026	0:0:23.3.4	QUEUE	ready PLAYER
1026	0:0:23.3.5	TASK	run PLAYER
1027	0:0:23.3.5	QUEUE	ready PLAYER
1027	0:0:23.3.0	QUEUE	ready LUKNEW
1027	0:0:23.4.0	TASK	run PLAYER
1027	0:0:23.4.0	TASK	run LUKNEW
1028	0:0:23.4.0	QUEUE	ready PLAYER
1028	0:0:23.4.1	TASK	run PLAYER
1029	0:0:23.4.1	QUEUE	ready PLAYER
1029	0:0:23.4.2	TASK	run PLAYER
1030	0:0:23.4.2	QUEUE	ready PLAYER
1030	0:0:23.4.3	TASK	run PLAYER
1031	0:0:23.4.3	QUEUE	ready PLAYER
1031	0:0:23.4.4	TASK	run PLAYER
1032	0:0:23.4.4	QUEUE	ready PLAYER
1032	0:0:23.4.5	TASK	run PLAYER
1033	0:0:23.4.5	QUEUE	ready PLAYER
1033	0:0:23.5.0	TASK	run PLAYER
1034	0:0:23.5.0	QUEUE	ready PLAYER
1034	0:0:23.5.1	TASK	run PLAYER
1035	0:0:23.5.1	QUEUE	ready PLAYER
1035	0:0:23.5.2	TASK	run PLAYER
1036	0:0:23.5.2	QUEUE	ready PLAYER
1036	0:0:23.5.3	TASK	run PLAYER
1037	0:0:23.5.3	QUEUE	ready PLAYER
1037	0:0:23.5.4	TASK	run PLAYER
1038	0:0:23.5.4	QUEUE	ready PLAYER
1038	0:0:23.5.5	TASK	run PLAYER
1039	0:0:23.5.5	QUEUE	ready PLAYER
1039	0:0:23.5.0	QUEUE	ready CMOVE-2
1039	0:0:23.5.0	QUEUE	ready CMOVE-3
1039	0:0:23.5.0	QUEUE	ready CMOVE-4
1039	0:0:23.5.0	QUEUE	ready CMOVE-5
1039	0:0:23.6.0	TASK	run PLAYER
1039	0:0:23.6.0	TASK	run CMOVE-2
1039	0:0:23.6.0	TASK	run CMOVE-3
1039	0:0:23.6.0	TASK	run CMOVE-4
1039	0:0:23.6.0	SOUND	slot=4 silent
1039	0:0:23.6.0	LOOK	slot=4
1039	0:0:23.6.0	TASK	run CMOVE-5
1040	0:0:23.6.0	QUEUE	ready PLAYER
1040	0:0:23.6.1	TASK	run PLAYER
1041	0:0:23.6.1	QUEUE	ready PLAYER
1041	0:0:23.6.2	TASK	run PLAYER
1042	0:0:23.6.2	QUEUE	ready PLAYER
1042	0:0:23.6.3	TASK	run PLAYER
1043	0:0:23.6.3	QUEUE	ready PLAYER
1043	0:0:23.6.4	TASK	run PLAYER
1044	0:0:23.6.4	QUEUE	ready PLAYER
1044	0:0:23.6.5	TASK	run PLAYER
1045	0:0:23.6.5	QUEUE	ready PLAYER
1045	0:0:23.6.0	QUEUE	ready LUKNEW
1045	0:0:23.7.0	TASK	run PLAYER
1045	0:0:23.7.0	TASK	run LUKNEW
1046	0:0:23.7.0	QUEUE	ready PLAYER
1046	0:0:23.7.1	TASK	run PLAYER
1047	0:0:23.7.1	QUEUE	ready PLAYER
1047	0:0:23.7.2	TASK	run PLAYER
1048	0:0:23.7.2	QUEUE	ready PLAYER
1048	0:0:23.7.3	TASK	run PLAYER
1049	0:0:23.7.3	QUEUE	ready PLAYER
1049	0:0:23.7.4	TASK	run PLAYER
1050	0:0:23.7.4	QUEUE	ready PLAYER
1050	0:0:23.7.5	TASK	run PLAYER
1051	0:0:23.7.5	QUEUE	ready PLAYER
1051	0:0:23.8.0	TASK	run PLAYER
1052	0:0:23.8.0	QUEUE	ready PLAYER
1052	0:0:23.8.1	TASK	run PLAYER
1053	0:0:23.8.1	QUEUE	ready PLAYER
1053	0:0:23.8.2	TASK	run PLAYER
1054	0:0:23.8.2	QUEUE	ready PLAYER
1054	0:0:23.8.3	TASK	run PLAYER
1055	0:0:23.8.3	QUEUE	ready PLAYER
1055	0:0:23.8.4	TASK	run PLAYER
1056	0:0:23.8.4	QUEUE	ready PLAYER
1056	0:0:23.8.5	TASK	run PLAYER
1057	0:0:23.8.5	QUEUE	ready PLAYER
1057	0:0:23.9.0	TASK	run PLAYER
1058	0:0:23.9.0	QUEUE	ready PLAYER
1058	0:0:23.9.1	TASK	run PLAYER
1059	0:0:23.9.1	QUEUE	ready HSLOW
1059	0:0:23.9.1	QUEUE	ready PLAYER
1059	0:0:23.9.2	TASK	run HSLOW
1059	0:0:23.9.2	TASK	run PLAYER
1060	0:0:23.9.2	QUEUE	ready PLAYER
1060	0:0:23.9.3	TASK	run PLAYER
1061	0:0:23.9.3	QUEUE	ready PLAYER
1061	0:0:23.9.4	TASK	run PLAYER
1062	0:0:23.9.4	QUEUE	ready PLAYER
1062	0:0:23.9.5	TASK	run PLAYER
1063	0:0:23.9.5	QUEUE	ready PLAYER
1063	0:0:23.9.0	QUEUE	ready LUKNEW
1063	0:0:24.0.0	TASK	run PLAYER
1063	0:0:24.0.0	TASK	run LUKNEW
1064	0:0:24.0.0	QUEUE	ready PLAYER
1064	0:0:24.0.1	TASK	run PLAYER
1065	0:0:24.0.1	QUEUE	ready PLAYER
1065	0:0:24.0.2	TASK	run PLAYER
1066	0:0:24.0.2	QUEUE	ready PLAYER
1066	0:0:24.0.3	TASK	run PLAYER
1067	0:0:24.0.3	QUEUE	ready PLAYER
1067	0:0:24.0.4	TASK	run PLAYER
1068	0:0:24.0.4	QUEUE	ready PLAYER
1068	0:0:24.0.5	TASK	run PLAYER
1069	0:0:24.0.5	QUEUE	ready PLAYER
1069	0:0:24.1.0	TASK	run PLAYER
1070	0:0:24.1.0	QUEUE	ready PLAYER
1070	0:0:24.1.1	TASK	run PLAYER
1071	0:0:24.1.1	QUEUE	ready PLAYER
1071	0:0:24.1.2	TASK	run PLAYER
1072	0:0:24.1.2	QUEUE	ready PLAYER
1072	0:0:24.1.3	TASK	run PLAYER
1073	0:0:24.1.3	QUEUE	ready PLAYER
1073	0:0:24.1.4	TASK	run PLAYER
1074	0:0:24.1.4	QUEUE	ready PLAYER
1074	0:0:24.1.5	TASK	run PLAYER
1075	0:0:24.1.5	QUEUE	ready PLAYER
1075	0:0:24.1.0	QUEUE	ready CMOVE-6
1075	0:0:24.1.0	QUEUE	ready CMOVE-7
1075	0:0:24.1.0	QUEUE	ready CMOVE-8
1075	0:0:24.1.0	QUEUE	ready CMOVE-9
1075	0:0:24.1.0	QUEUE	ready CMOVE-10
1075	0:0:24.1.0	QUEUE	ready CMOVE-11
1075	0:0:24.1.0	QUEUE	ready CMOVE-12
1075	0:0:24.1.0	QUEUE	ready CMOVE-13
1075	0:0:24.1.0	QUEUE	ready CMOVE-14
1075	0:0:24.2.0	TASK	run PLAYER
1075	0:0:24.2.0	TASK	run CMOVE-6
1075	0:0:24.2.0	TASK	run CMOVE-7
1075	0:0:24.2.0	TASK	run CMOVE-8
1075	0:0:24.2.0	SOUND	slot=8 silent
1075	0:0:24.2.0	LOOK	slot=8
1075	0:0:24.2.0	TASK	run CMOVE-9
1075	0:0:24.2.0	TASK	run CMOVE-10
1075	0:0:24.2.0	TASK	run CMOVE-11
1075	0:0:24.2.0	TASK	run CMOVE-12
1075	0:0:24.2.0	TASK	run CMOVE-13
1075	0:0:24.2.0	TASK	run CMOVE-14
1075	0:0:24.2.0	SOUND	slot=14 type=1 vol=100
1075	0:0:24.2.0	LOOK	slot=14
1076	0:0:24.2.0	QUEUE	ready PLAYER
1076	0:0:24.2.1	TASK	run PLAYER
1077	0:0:24.2.1	QUEUE	ready PLAYER
1077	0:0:24.2.2	TASK	run PLAYER
1078	0:0:24.2.2	QUEUE	ready PLAYER
1078	0:0:24.2.3	TASK	run PLAYER
1079	0:0:24.2.3	QUEUE	ready PLAYER
1079	0:0:24.2.4	TASK	run PLAYER
1080	0:0:24.2.4	QUEUE	ready PLAYER
1080	0:0:24.2.5	TASK	run PLAYER
1081	0:0:24.2.5	QUEUE	ready PLAYER
1081	0:0:24.2.0	QUEUE	ready LUKNEW
1081	0:0:24.3.0	TASK	run PLAYER
1081	0:0:24.3.0	TASK	run LUKNEW
1082	0:0:24.3.0	QUEUE	ready PLAYER
1082	0:0:24.3.1	TASK	run PLAYER
1083	0:0:24.3.1	QUEUE	ready PLAYER
1083	0:0:24.3.2	TASK	run PLAYER
1084	0:0:24.3.2	QUEUE	ready PLAYER
1084	0:0:24.3.3	TASK	run PLAYER
1085	0:0:24.3.3	QUEUE	ready PLAYER
1085	0:0:24.3.4	TASK	run PLAYER
1086	0:0:24.3.4	QUEUE	ready PLAYER
1086	0:0:24.3.5	TASK	run PLAYER
1087	0:0:24.3.5	QUEUE	ready PLAYER
1087	0:0:24.4.0	TASK	run PLAYER
1088	0:0:24.4.0	QUEUE	ready PLAYER
1088	0:0:24.4.1	TASK	run PLAYER
1089	0:0:24.4.1	QUEUE	ready PLAYER
1089	0:0:24.4.2	TASK	run PLAYER
1090	0:0:24.4.2	QUEUE	ready PLAYER
1090	0:0:24.4.3	TASK	run PLAYER
1091	0:0:24.4.3	QUEUE	ready PLAYER
1091	0:0:24.4.4	TASK	run PLAYER
1092	0:0:24.4.4	QUEUE	ready PLAYER
1092	0:0:24.4.5	TASK	run PLAYER
1093	0:0:24.4.5	QUEUE	ready PLAYER
1093	0:0:24.5.0	TASK	run PLAYER
1094	0:0:24.5.0	QUEUE	ready PLAYER
1094	0:0:24.5.1	TASK	run PLAYER
1095	0:0:24.5.1	QUEUE	ready PLAYER
1095	0:0:24.5.2	TASK	run PLAYER
1096	0:0:24.5.2	QUEUE	ready PLAYER
1096	0:0:24.5.3	TASK	run PLAYER
1097	0:0:24.5.3	QUEUE	ready PLAYER
1097	0:0:24.5.4	TASK	run PLAYER
1098	0:0:24.5.4	QUEUE	ready PLAYER
1098	0:0:24.5.5	TASK	run PLAYER
1099	0:0:24.5.5	QUEUE	ready PLAYER
1099	0:0:24.5.0	QUEUE	ready CMOVE-15
1099	0:0:24.5.0	QUEUE	ready CMOVE-16
1099	0:0:24.5.0	QUEUE	ready CMOVE-17
1099	0:0:24.5.0	QUEUE	ready CMOVE-18
1099	0:0:24.5.0	QUEUE	ready CMOVE-19
1099	0:0:24.5.0	QUEUE	ready CMOVE-20
1099	0:0:24.5.0	QUEUE	ready CMOVE-21
1099	0:0:24.5.0	QUEUE	ready CMOVE-22
1099	0:0:24.5.0	QUEUE	ready CMOVE-23
1099	0:0:24.5.0	QUEUE	ready LUKNEW
1099	0:0:24.6.0	TASK	run PLAYER
1099	0:0:24.6.0	TASK	run CMOVE-15
1099	0:0:24.6.0	TASK	run CMOVE-16
1099	0:0:24.6.0	TASK	run CMOVE-17
1099	0:0:24.6.0	SOUND	slot=17 type=0 vol=38
1099	0:0:24.6.0	LOOK	slot=17
1099	0:0:24.6.0	TASK	run CMOVE-18
1099	0:0:24.6.0	TASK	run CMOVE-19
1099	0:0:24.6.0	TASK	run CMOVE-20
1099	0:0:24.6.0	TASK	run CMOVE-21
1099	0:0:24.6.0	TASK	run CMOVE-22
1099	0:0:24.6.0	TASK	run CMOVE-23
1099	0:0:24.6.0	TASK	run LUKNEW
1100	0:0:24.6.0	QUEUE	ready PLAYER
1100	0:0:24.6.1	TASK	run PLAYER
1101	0:0:24.6.1	QUEUE	ready PLAYER
1101	0:0:24.6.2	TASK	run PLAYER
1102	0:0:24.6.2	QUEUE	ready PLAYER
1102	0:0:24.6.3	TASK	run PLAYER
1103	0:0:24.6.3	QUEUE	ready PLAYER
1103	0:0:24.6.4	TASK	run PLAYER
1104	0:0:24.6.4	QUEUE	ready PLAYER
1104	0:0:24.6.5	TASK	run PLAYER
1105	0:0:24.6.5	QUEUE	ready HSLOW
1105	0:0:24.6.5	QUEUE	ready PLAYER
1105	0:0:24.7.0	TASK	run HSLOW
1105	0:0:24.7.0	TASK	run PLAYER
1106	0:0:24.7.0	QUEUE	ready PLAYER
1106	0:0:24.7.1	TASK	run PLAYER
1107	0:0:24.7.1	QUEUE	ready PLAYER
1107	0:0:24.7.2	TASK	run PLAYER
1108	0:0:24.7.2	QUEUE	ready PLAYER
1108	0:0:24.7.3	TASK	run PLAYER
1109	0:0:24.7.3	QUEUE	ready PLAYER
1109	0:0:24.7.4	TASK	run PLAYER
1110	0:0:24.7.4	QUEUE	ready PLAYER
1110	0:0:24.7.5	TASK	run PLAYER
1111	0:0:24.7.5	QUEUE	ready PLAYER
1111	0:0:24.7.0	QUEUE	ready CMOVE-0
1111	0:0:24.7.0	QUEUE	ready CMOVE-1
1111	0:0:24.8.0	TASK	run PLAYER
1111	0:0:24.8.0	TASK	run CMOVE-0
1111	0:0:24.8.0	TASK	run CMOVE-1
1112	0:0:24.8.0	QUEUE	ready PLAYER
1112	0:0:24.8.1	TASK	run PLAYER
1113	0:0:24.8.1	QUEUE	ready PLAYER
1113	0:0:24.8.2	TASK	run PLAYER
1114	0:0:24.8.2	QUEUE	ready PLAYER
1114	0:0:24.8.3	TASK	run PLAYER
1115	0:0:24.8.3	QUEUE	ready PLAYER
1115	0:0:24.8.4	TASK	run PLAYER
1116	0:0:24.8.4	QUEUE	ready PLAYER
1116	0:0:24.8.5	TASK	run PLAYER
1117	0:0:24.8.5	QUEUE	ready PLAYER
1117	0:0:24.8.0	QUEUE	ready LUKNEW
1117	0:0:24.9.0	TASK	run PLAYER
1117	0:0:24.9.0	TASK	run LUKNEW
1118	0:0:24.9.0	QUEUE	ready PLAYER
1118	0:0:24.9.1	TASK	run PLAYER
1119	0:0:24.9.1	QUEUE	ready PLAYER
1119	0:0:24.9.2	TASK	run PLAYER
1120	0:0:24.9.2	QUEUE	ready PLAYER
1120	0:0:24.9.3	TASK	run PLAYER
1121	0:0:24.9.3	QUEUE	ready PLAYER
1121	0:0:24.9.4	TASK	run PLAYER
1122	0:0:24.9.4	QUEUE	ready PLAYER
1122	0:0:24.9.5	TASK	run PLAYER
1123	0:0:24.9.5	QUEUE	ready PLAYER
1123	0:0:25.0.0	TASK	run PLAYER
1124	0:0:25.0.0	QUEUE	ready PLAYER
1124	0:0:25.0.1	TASK	run PLAYER
1125	0:0:25.0.1	QUEUE	ready PLAYER
1125	0:0:25.0.2	TASK	run PLAYER
1126	0:0:25.0.2	QUEUE	ready PLAYER
1126	0:0:25.0.3	TASK	run PLAYER
1127	0:0:25.0.3	QUEUE	ready PLAYER
1127	0:0:25.0.4	TASK	run PLAYER
1128	0:0:25.0.4	QUEUE	ready PLAYER
1128	0:0:25.0.5	TASK	run PLAYER
1129	0:0:25.0.5	QUEUE	ready PLAYER
1129	0:0:25.1.0	TASK	run PLAYER
1130	0:0:25.1.0	QUEUE	ready PLAYER
1130	0:0:25.1.1	TASK	run PLAYER
1131	0:0:25.1.1	QUEUE	ready PLAYER
1131	0:0:25.1.2	TASK	run PLAYER
1132	0:0:25.1.2	QUEUE	ready PLAYER
1132	0:0:25.1.3	TASK	run PLAYER
1133	0:0:25.1.3	QUEUE	ready PLAYER
1133	0:0:25.1.4	TASK	run PLAYER
1134	0:0:25.1.4	QUEUE	ready PLAYER
1134	0:0:25.1.5	TASK	run PLAYER
1135	0:0:25.1.5	QUEUE	ready PLAYER
1135	0:0:25.1.0	QUEUE	ready LUKNEW
1135	0:0:25.2.0	TASK	run PLAYER
1135	0:0:25.2.0	TASK	run LUKNEW
1136	0:0:25.2.0	QUEUE	ready PLAYER
1136	0:0:25.2.1	TASK	run PLAYER
1137	0:0:25.2.1	QUEUE	ready PLAYER
1137	0:0:25.2.2	TASK	run PLAYER
1138	0:0:25.2.2	QUEUE	ready PLAYER
1138	0:0:25.2.3	TASK	run PLAYER
1139	0:0:25.2.3	QUEUE	ready PLAYER
1139	0:0:25.2.4	TASK	run PLAYER
1140	0:0:25.2.4	QUEUE	ready PLAYER
1140	0:0:25.2.5	TASK	run PLAYER
1141	0:0:25.2.5	QUEUE	ready PLAYER
1141	0:0:25.3.0	TASK	run PLAYER
1142	0:0:25.3.0	QUEUE	ready PLAYER
1142	0:0:25.3.1	TASK	run PLAYER
1143	0:0:25.3.1	QUEUE	ready PLAYER
1143	0:0:25.3.2	TASK	run PLAYER
1144	0:0:25.3.2	QUEUE	ready PLAYER
1144	0:0:25.3.3	TASK	run PLAYER
1145	0:0:25.3.3	QUEUE	ready PLAYER
1145	0:0:25.3.4	TASK	run PLAYER
1146	0:0:25.3.4	QUEUE	ready PLAYER
1146	0:0:25.3.5	TASK	run PLAYER
1147	0:0:25.3.5	QUEUE	ready PLAYER
1147	0:0:25.4.0	TASK	run PLAYER
1148	0:0:25.4.0	QUEUE	ready PLAYER
1148	0:0:25.4.1	TASK	run PLAYER
1149	0:0:25.4.1	QUEUE	ready PLAYER
1149	0:0:25.4.2	TASK	run PLAYER
1150	0:0:25.4.2	QUEUE	ready PLAYER
1150	0:0:25.4.3	TASK	run PLAYER
1151	0:0:25.4.3	QUEUE	ready HSLOW
1151	0:0:25.4.3	QUEUE	ready PLAYER
1151	0:0:25.4.4	TASK	run HSLOW
1151	0:0:25.4.4	TASK	run PLAYER
1152	0:0:25.4.4	QUEUE	ready PLAYER
1152	0:0:25.4.5	TASK	run PLAYER
1153	0:0:25.4.5	QUEUE	ready PLAYER
1153	0:0:25.4.0	QUEUE	ready LUKNEW
1153	0:0:25.5.0	TASK	run PLAYER
1153	0:0:25.5.0	TASK	run LUKNEW
1154	0:0:25.5.0	QUEUE	ready PLAYER
1154	0:0:25.5.1	TASK	run PLAYER
1155	0:0:25.5.1	QUEUE	ready PLAYER
1155	0:0:25.5.2	TASK	run PLAYER
1156	0:0:25.5.2	QUEUE	ready PLAYER
1156	0:0:25.5.3	TASK	run PLAYER
1157	0:0:25.5.3	QUEUE	ready PLAYER
1157	0:0:25.5.4	TASK	run PLAYER
1158	0:0:25.5.4	QUEUE	ready PLAYER
1158	0:0:25.5.5	TASK	run PLAYER
1159	0:0:25.5.5	QUEUE	ready PLAYER
1159	0:0:25.6.0	TASK	run PLAYER
1160	0:0:25.6.0	QUEUE	ready PLAYER
1160	0:0:25.6.1	TASK	run PLAYER
1161	0:0:25.6.1	QUEUE	ready PLAYER
1161	0:0:25.6.2	TASK	run PLAYER
1162	0:0:25.6.2	QUEUE	ready PLAYER
1162	0:0:25.6.3	TASK	run PLAYER
1163	0:0:25.6.3	QUEUE	ready PLAYER
1163	0:0:25.6.4	TASK	run PLAYER
1164	0:0:25.6.4	QUEUE	ready PLAYER
1164	0:0:25.6.5	TASK	run PLAYER
1165	0:0:25.6.5	QUEUE	ready PLAYER
1165	0:0:25.6.0	QUEUE	ready CMOVE-6
1165	0:0:25.6.0	QUEUE	ready CMOVE-7
1165	0:0:25.6.0	QUEUE	ready CMOVE-8
1165	0:0:25.6.0	QUEUE	ready CMOVE-9
1165	0:0:25.6.0	QUEUE	ready CMOVE-10
1165	0:0:25.6.0	QUEUE	ready CMOVE-11
1165	0:0:25.6.0	QUEUE	ready CMOVE-12
1165	0:0:25.6.0	QUEUE	ready CMOVE-13
1165	0:0:25.6.0	QUEUE	ready CMOVE-14
1165	0:0:25.7.0	TASK	run PLAYER
1165	0:0:25.7.0	TASK	run CMOVE-6
1165	0:0:25.7.0	TASK	run CMOVE-7
1165	0:0:25.7.0	TASK	run CMOVE-8
1165	0:0:25.7.0	SOUND	slot=8 silent
1165	0:0:25.7.0	LOOK	slot=8
1165	0:0:25.7.0	TASK	run CMOVE-9
1165	0:0:25.7.0	TASK	run CMOVE-10
1165	0:0:25.7.0	TASK	run CMOVE-11
1165	0:0:25.7.0	TASK	run CMOVE-12
1165	0:0:25.7.0	TASK	run CMOVE-13
1165	0:0:25.7.0	TASK	run CMOVE-14
1165	0:0:25.7.0	SOUND	slot=14 type=1 vol=69
1165	0:0:25.7.0	LOOK	slot=14
1166	0:0:25.7.0	QUEUE	ready PLAYER
1166	0:0:25.7.1	TASK	run PLAYER
1167	0:0:25.7.1	QUEUE	ready PLAYER
1167	0:0:25.7.2	TASK	run PLAYER
1168	0:0:25.7.2	QUEUE	ready PLAYER
1168	0:0:25.7.3	TASK	run PLAYER
1169	0:0:25.7.3	QUEUE	ready PLAYER
1169	0:0:25.7.4	TASK	run PLAYER
1170	0:0:25.7.4	QUEUE	ready PLAYER
1170	0:0:25.7.5	TASK	run PLAYER
1171	0:0:25.7.5	QUEUE	ready PLAYER
1171	0:0:25.7.0	QUEUE	ready LUKNEW
1171	0:0:25.8.0	TASK	run PLAYER
1171	0:0:25.8.0	TASK	run LUKNEW
1172	0:0:25.8.0	QUEUE	ready PLAYER
1172	0:0:25.8.1	TASK	run PLAYER
1173	0:0:25.8.1	QUEUE	ready PLAYER
1173	0:0:25.8.2	TASK	run PLAYER
1174	0:0:25.8.2	QUEUE	ready PLAYER
1174	0:0:25.8.3	TASK	run PLAYER
1175	0:0:25.8.3	QUEUE	ready PLAYER
1175	0:0:25.8.4	TASK	run PLAYER
1176	0:0:25.8.4	QUEUE	ready PLAYER
1176	0:0:25.8.5	TASK	run PLAYER
1177	0:0:25.8.5	QUEUE	ready PLAYER
1177	0:0:25.9.0	TASK	run PLAYER
1178	0:0:25.9.0	QUEUE	ready PLAYER
1178	0:0:25.9.1	TASK	run PLAYER
1179	0:0:25.9.1	QUEUE	ready PLAYER
1179	0:0:25.9.2	TASK	run PLAYER
1180	0:0:25.9.2	QUEUE	ready PLAYER
1180	0:0:25.9.3	TASK	run PLAYER
1181	0:0:25.9.3	QUEUE	ready PLAYER
1181	0:0:25.9.4	TASK	run PLAYER
1182	0:0:25.9.4	QUEUE	ready PLAYER
1182	0:0:25.9.5	TASK	run PLAYER
1183	0:0:25.9.5	QUEUE	ready PLAYER
1183	0:0:26.0.0	TASK	run PLAYER
1184	0:0:26.0.0	QUEUE	ready PLAYER
1184	0:0:26.0.1	TASK	run PLAYER
1185	0:0:26.0.1	QUEUE	ready PLAYER
1185	0:0:26.0.2	TASK	run PLAYER
1186	0:0:26.0.2	QUEUE	ready PLAYER
1186	0:0:26.0.3	TASK	run PLAYER
1187	0:0:26.0.3	QUEUE	ready PLAYER
1187	0:0:26.0.4	TASK	run PLAYER
1188	0:0:26.0.4	QUEUE	ready PLAYER
1188	0:0:26.0.5	TASK	run PLAYER
1189	0:0:26.0.5	QUEUE	ready PLAYER
1189	0:0:26.0.0	QUEUE	ready LUKNEW
1189	0:0:26.1.0	TASK	run PLAYER
1189	0:0:26.1.0	TASK	run LUKNEW
1190	0:0:26.1.0	QUEUE	ready PLAYER
1190	0:0:26.1.1	TASK	run PLAYER
1191	0:0:26.1.1	QUEUE	ready PLAYER
1191	0:0:26.1.2	TASK	run PLAYER
1192	0:0:26.1.2	QUEUE	ready PLAYER
1192	0:0:26.1.3	TASK	run PLAYER
1193	0:0:26.1.3	QUEUE	ready PLAYER
1193	0:0:26.1.4	TASK	run PLAYER
1194	0:0:26.1.4	QUEUE	ready PLAYER
1194	0:0:26.1.5	TASK	run PLAYER
1195	0:0:26.1.5	QUEUE	ready PLAYER
1195	0:0:26.2.0	TASK	run PLAYER
1196	0:0:26.2.0	QUEUE	ready PLAYER
1196	0:0:26.2.1	TASK	run PLAYER
1197	0:0:26.2.1	QUEUE	ready HSLOW
1197	0:0:26.2.1	QUEUE	ready PLAYER
1197	0:0:26.2.2	TASK	run HSLOW
1197	0:0:26.2.2	TASK	run PLAYER
1198	0:0:26.2.2	QUEUE	ready PLAYER
1198	0:0:26.2.3	TASK	run PLAYER
1199	0:0:26.2.3	QUEUE	ready PLAYER
1199	0:0:26.2.4	TASK	run PLAYER
1200	0:0:26.2.4	QUEUE	ready PLAYER
1200	0:0:26.2.5	TASK	run PLAYER
1201	0:0:26.2.5	QUEUE	ready PLAYER
1201	0:0:26.3.0	TASK	run PLAYER
1202	0:0:26.3.0	QUEUE	ready PLAYER
1202	0:0:26.3.1	TASK	run PLAYER
1203	0:0:26.3.1	QUEUE	ready PLAYER
1203	0:0:26.3.2	TASK	run PLAYER
1204	0:0:26.3.2	QUEUE	ready PLAYER
1204	0:0:26.3.3	TASK	run PLAYER
1205	0:0:26.3.3	QUEUE	ready PLAYER
1205	0:0:26.3.4	TASK	run PLAYER
1206	0:0:26.3.4	QUEUE	ready PLAYER
1206	0:0:26.3.5	TASK	run PLAYER
1207	0:0:26.3.5	QUEUE	ready PLAYER
1207	0:0:26.3.0	QUEUE	ready LUKNEW
1207	0:0:26.4.0	TASK	run PLAYER
1207	0:0:26.4.0	TASK	run LUKNEW
1208	0:0:26.4.0	QUEUE	ready PLAYER
1208	0:0:26.4.1	TASK	run PLAYER
1209	0:0:26.4.1	QUEUE	ready PLAYER
1209	0:0:26.4.2	TASK	run PLAYER
1210	0:0:26.4.2	QUEUE	ready PLAYER
1210	0:0:26.4.3	TASK	run PLAYER
1211	0:0:26.4.3	QUEUE	ready PLAYER
1211	0:0:26.4.4	TASK	run PLAYER
1212	0:0:26.4.4	QUEUE	ready PLAYER
1212	0:0:26.4.5	TASK	run PLAYER
1213	0:0:26.4.5	QUEUE	ready PLAYER
1213	0:0:26.4.0	QUEUE	ready CMOVE-2
1213	0:0:26.4.0	QUEUE	ready CMOVE-3
1213	0:0:26.4.0	QUEUE	ready CMOVE-4
1213	0:0:26.4.0	QUEUE	ready CMOVE-5
1213	0:0:26.5.0	TASK	run PLAYER
1213	0:0:26.5.0	TASK	run CMOVE-2
1213	0:0:26.5.0	TASK	run CMOVE-3
1213	0:0:26.5.0	TASK	run CMOVE-4
1213	0:0:26.5.0	SOUND	slot=4 silent
1213	0:0:26.5.0	LOOK	slot=4
1213	0:0:26.5.0	TASK	run CMOVE-5
1214	0:0:26.5.0	QUEUE	ready PLAYER
1214	0:0:26.5.1	TASK	run PLAYER
1215	0:0:26.5.1	QUEUE	ready PLAYER
1215	0:0:26.5.2	TASK	run PLAYER
1216	0:0:26.5.2	QUEUE	ready PLAYER
1216	0:0:26.5.3	TASK	run PLAYER
1217	0:0:26.5.3	QUEUE	ready PLAYER
1217	0:0:26.5.4	TASK	run PLAYER
1218	0:0:26.5.4	QUEUE	ready PLAYER
1218	0:0:26.5.5	TASK	run PLAYER
1219	0:0:26.5.5	QUEUE	ready PLAYER
1219	0:0:26.6.0	TASK	run PLAYER
1220	0:0:26.6.0	QUEUE	ready PLAYER
1220	0:0:26.6.1	TASK	run PLAYER
1221	0:0:26.6.1	QUEUE	ready PLAYER
1221	0:0:26.6.2	TASK	run PLAYER
1222	0:0:26.6.2	QUEUE	ready PLAYER
1222	0:0:26.6.3	TASK	run PLAYER
1223	0:0:26.6.3	QUEUE	ready PLAYER
1223	0:0:26.6.4	TASK	run PLAYER
1224	0:0:26.6.4	QUEUE	ready PLAYER
1224	0:0:26.6.5	TASK	run PLAYER
1225	0:0:26.6.5	QUEUE	ready PLAYER
1225	0:0:26.6.0	QUEUE	ready LUKNEW
1225	0:0:26.7.0	TASK	run PLAYER
1225	0:0:26.7.0	TASK	run LUKNEW
1226	0:0:26.7.0	QUEUE	ready PLAYER
1226	0:0:26.7.1	TASK	run PLAYER
1227	0:0:26.7.1	QUEUE	ready PLAYER
1227	0:0:26.7.2	TASK	run PLAYER
1228	0:0:26.7.2	QUEUE	ready PLAYER
1228	0:0:26.7.3	TASK	run PLAYER
1229	0:0:26.7.3	QUEUE	ready PLAYER
1229	0:0:26.7.4	TASK	run PLAYER
1230	0:0:26.7.4	QUEUE	ready PLAYER
1230	0:0:26.7.5	TASK	run PLAYER
1231	0:0:26.7.5	QUEUE	ready PLAYER
1231	0:0:26.8.0	TASK	run PLAYER
1232	0:0:26.8.0	QUEUE	ready PLAYER
1232	0:0:26.8.1	TASK	run PLAYER
1233	0:0:26.8.1	QUEUE	ready PLAYER
1233	0:0:26.8.2	TASK	run PLAYER
1234	0:0:26.8.2	QUEUE	ready PLAYER
1234	0:0:26.8.3	TASK	run PLAYER
1235	0:0:26.8.3	QUEUE	ready PLAYER
1235	0:0:26.8.4	TASK	run PLAYER
1236	0:0:26.8.4	QUEUE	ready PLAYER
1236	0:0:26.8.5	TASK	run PLAYER
1237	0:0:26.8.5	QUEUE	ready PLAYER
1237	0:0:26.8.0	QUEUE	ready CMOVE-15
1237	0:0:26.8.0	QUEUE	ready CMOVE-16
1237	0:0:26.8.0	QUEUE	ready CMOVE-17
1237	0:0:26.8.0	QUEUE	ready CMOVE-18
1237	0:0:26.8.0	QUEUE	ready CMOVE-19
1237	0:0:26.8.0	QUEUE	ready CMOVE-20
1237	0:0:26.8.0	QUEUE	ready CMOVE-21
1237	0:0:26.8.0	QUEUE	ready CMOVE-22
1237	0:0:26.8.0	QUEUE	ready CMOVE-23
1237	0:0:26.9.0	TASK	run PLAYER
1237	0:0:26.9.0	TASK	run CMOVE-15
1237	0:0:26.9.0	TASK	run CMOVE-16
1237	0:0:26.9.0	TASK	run CMOVE-17
1237	0:0:26.9.0	SOUND	slot=17 type=0 vol=38
1237	0:0:26.9.0	LOOK	slot=17
1237	0:0:26.9.0	TASK	run CMOVE-18
1237	0:0:26.9.0	TASK	run CMOVE-19
1237	0:0:26.9.0	TASK	run CMOVE-20
1237	0:0:26.9.0	TASK	run CMOVE-21
1237	0:0:26.9.0	TASK	run CMOVE-22
1237	0:0:26.9.0	TASK	run CMOVE-23
1238	0:0:26.9.0	QUEUE	ready PLAYER
1238	0:0:26.9.1	TASK	run PLAYER
1239	0:0:26.9.1	QUEUE	ready PLAYER
1239	0:0:26.9.2	TASK	run PLAYER
1240	0:0:26.9.2	QUEUE	ready PLAYER
1240	0:0:26.9.3	TASK	run PLAYER
1241	0:0:26.9.3	QUEUE	ready PLAYER
1241	0:0:26.9.4	TASK	run PLAYER
1242	0:0:26.9.4	QUEUE	ready PLAYER
1242	0:0:26.9.5	TASK	run PLAYER
1243	0:0:26.9.5	QUEUE	ready HSLOW
1243	0:0:26.9.5	QUEUE	ready PLAYER
1243	0:0:26.9.0	QUEUE	ready LUKNEW
1243	0:0:27.0.0	TASK	run HSLOW
1243	0:0:27.0.0	TASK	run PLAYER
1243	0:0:27.0.0	TASK	run LUKNEW
1244	0:0:27.0.0	QUEUE	ready PLAYER
1244	0:0:27.0.1	TASK	run PLAYER
1245	0:0:27.0.1	QUEUE	ready PLAYER
1245	0:0:27.0.2	TASK	run PLAYER
1246	0:0:27.0.2	QUEUE	ready PLAYER
1246	0:0:27.0.3	TASK	run PLAYER
1247	0:0:27.0.3	QUEUE	ready PLAYER
1247	0:0:27.0.4	TASK	run PLAYER
1248	0:0:27.0.4	QUEUE	ready PLAYER
1248	0:0:27.0.5	TASK	run PLAYER
1249	0:0:27.0.5	QUEUE	ready PLAYER
1249	0:0:27.1.0	TASK	run PLAYER
1250	0:0:27.1.0	QUEUE	ready PLAYER
1250	0:0:27.1.1	TASK	run PLAYER
1251	0:0:27.1.1	QUEUE	ready PLAYER
1251	0:0:27.1.2	TASK	run PLAYER
1252	0:0:27.1.2	QUEUE	ready PLAYER
1252	0:0:27.1.3	TASK	run PLAYER
1253	0:0:27.1.3	QUEUE	ready PLAYER
1253	0:0:27.1.4	TASK	run PLAYER
1254	0:0:27.1.4	QUEUE	ready PLAYER
1254	0:0:27.1.5	TASK	run PLAYER
1255	0:0:27.1.5	QUEUE	ready PLAYER
1255	0:0:27.1.0	QUEUE	ready CMOVE-6
1255	0:0:27.1.0	QUEUE	ready CMOVE-7
1255	0:0:27.1.0	QUEUE	ready CMOVE-8
1255	0:0:27.1.0	QUEUE	ready CMOVE-9
1255	0:0:27.1.0	QUEUE	ready CMOVE-10
1255	0:0:27.1.0	QUEUE	ready CMOVE-11
1255	0:0:27.1.0	QUEUE	ready CMOVE-12
1255	0:0:27.1.0	QUEUE	ready CMOVE-13
1255	0:0:27.1.0	QUEUE	ready CMOVE-14
1255	0:0:27.2.0	TASK	run PLAYER
1255	0:0:27.2.0	TASK	run CMOVE-6
1255	0:0:27.2.0	TASK	run CMOVE-7
1255	0:0:27.2.0	TASK	run CMOVE-8
1255	0:0:27.2.0	SOUND	slot=8 silent
1255	0:0:27.2.0	LOOK	slot=8
1255	0:0:27.2.0	PUPDAT	slot=8
1255	0:0:27.2.0	TASK	run CMOVE-9
1255	0:0:27.2.0	TASK	run CMOVE-10
1255	0:0:27.2.0	TASK	run CMOVE-11
1255	0:0:27.2.0	TASK	run CMOVE-12
1255	0:0:27.2.0	TASK	run CMOVE-13
1255	0:0:27.2.0	TASK	run CMOVE-14
1255	0:0:27.2.0	SOUND	slot=14 type=1 vol=38
1255	0:0:27.2.0	LOOK	slot=14
1256	0:0:27.2.0	QUEUE	ready PLAYER
1256	0:0:27.2.1	TASK	run PLAYER
1257	0:0:27.2.1	QUEUE	ready PLAYER
1257	0:0:27.2.2	TASK	run PLAYER
1258	0:0:27.2.2	QUEUE	ready PLAYER
1258	0:0:27.2.3	TASK	run PLAYER
1259	0:0:27.2.3	QUEUE	ready PLAYER
1259	0:0:27.2.4	TASK	run PLAYER
1260	0:0:27.2.4	QUEUE	ready PLAYER
1260	0:0:27.2.5	TASK	run PLAYER
1261	0:0:27.2.5	QUEUE	ready PLAYER
1261	0:0:27.2.0	QUEUE	ready LUKNEW
1261	0:0:27.3.0	TASK	run PLAYER
1261	0:0:27.3.0	TASK	run LUKNEW
1262	0:0:27.3.0	QUEUE	ready PLAYER
1262	0:0:27.3.1	TASK	run PLAYER
1263	0:0:27.3.1	QUEUE	ready PLAYER
1263	0:0:27.3.2	TASK	run PLAYER
1264	0:0:27.3.2	QUEUE	ready PLAYER
1264	0:0:27.3.3	TASK	run PLAYER
1265	0:0:27.3.3	QUEUE	ready PLAYER
1265	0:0:27.3.4	TASK	run PLAYER
1266	0:0:27.3.4	QUEUE	ready PLAYER
1266	0:0:27.3.5	TASK	run PLAYER
1267	0:0:27.3.5	QUEUE	ready PLAYER
1267	0:0:27.4.0	TASK	run PLAYER
1268	0:0:27.4.0	QUEUE	ready PLAYER
1268	0:0:27.4.1	TASK	run PLAYER
1269	0:0:27.4.1	QUEUE	ready PLAYER
1269	0:0:27.4.2	TASK	run PLAYER
1269	0:0:27.4.2	LINE	"ATTACK RIGHT"
1269	0:0:27.4.2	EXERT	damage=0
1269	0:0:27.4.2	SOUND	class=4
1269	0:0:27.4.2	DARK	roll=34
1270	0:0:27.4.2	QUEUE	ready PLAYER
1270	0:0:27.4.3	TASK	run PLAYER
1271	0:0:27.4.3	QUEUE	ready PLAYER
1271	0:0:27.4.4	TASK	run PLAYER
1272	0:0:27.4.4	QUEUE	ready PLAYER
1272	0:0:27.4.5	TASK	run PLAYER
1273	0:0:27.4.5	QUEUE	ready PLAYER
1273	0:0:27.5.0	TASK	run PLAYER
1274	0:0:27.5.0	QUEUE	ready PLAYER
1274	0:0:27.5.1	TASK	run PLAYER
1275	0:0:27.5.1	QUEUE	ready PLAYER
1275	0:0:27.5.2	TASK	run PLAYER
1276	0:0:27.5.2	QUEUE	ready PLAYER
1276	0:0:27.5.3	TASK	run PLAYER
1277	0:0:27.5.3	QUEUE	ready PLAYER
1277	0:0:27.5.4	TASK	run PLAYER
1278	0:0:27.5.4	QUEUE	ready PLAYER
1278	0:0:27.5.5	TASK	run PLAYER
1279	0:0:27.5.5	QUEUE	ready PLAYER
1279	0:0:27.5.0	QUEUE	ready LUKNEW
1279	0:0:27.6.0	TASK	run PLAYER
1279	0:0:27.6.0	TASK	run LUKNEW
1280	0:0:27.6.0	QUEUE	ready PLAYER
1280	0:0:27.6.1	TASK	run PLAYER
1281	0:0:27.6.1	QUEUE	ready PLAYER
1281	0:0:27.6.2	TASK	run PLAYER
1282	0:0:27.6.2	QUEUE	ready PLAYER
1282	0:0:27.6.3	TASK	run PLAYER
1283	0:0:27.6.3	QUEUE	ready PLAYER
1283	0:0:27.6.4	TASK	run PLAYER
1284	0:0:27.6.4	QUEUE	ready PLAYER
1284	0:0:27.6.5	TASK	run PLAYER
1285	0:0:27.6.5	QUEUE	ready PLAYER
1285	0:0:27.7.0	TASK	run PLAYER
1285	0:0:27.7.0	LINE	"ATTACK RIGHT"
1285	0:0:27.7.0	EXERT	damage=0
1285	0:0:27.7.0	SOUND	class=4
1285	0:0:27.7.0	DARK	roll=202
1286	0:0:27.7.0	QUEUE	ready PLAYER
1286	0:0:27.7.1	TASK	run PLAYER
1287	0:0:27.7.1	QUEUE	ready PLAYER
1287	0:0:27.7.2	TASK	run PLAYER
1288	0:0:27.7.2	QUEUE	ready PLAYER
1288	0:0:27.7.3	TASK	run PLAYER
1289	0:0:27.7.3	QUEUE	ready HSLOW
1289	0:0:27.7.3	QUEUE	ready PLAYER
1289	0:0:27.7.4	TASK	run HSLOW
1289	0:0:27.7.4	TASK	run PLAYER
1290	0:0:27.7.4	QUEUE	ready PLAYER
1290	0:0:27.7.5	TASK	run PLAYER
1291	0:0:27.7.5	QUEUE	ready PLAYER
1291	0:0:27.8.0	TASK	run PLAYER
1292	0:0:27.8.0	QUEUE	ready PLAYER
1292	0:0:27.8.1	TASK	run PLAYER
1293	0:0:27.8.1	QUEUE	ready PLAYER
1293	0:0:27.8.2	TASK	run PLAYER
1294	0:0:27.8.2	QUEUE	ready PLAYER
1294	0:0:27.8.3	TASK	run PLAYER
1295	0:0:27.8.3	QUEUE	ready PLAYER
1295	0:0:27.8.4	TASK	run PLAYER
1296	0:0:27.8.4	QUEUE	ready PLAYER
1296	0:0:27.8.5	TASK	run PLAYER
1297	0:0:27.8.5	QUEUE	ready PLAYER
1297	0:0:27.8.0	QUEUE	ready CMOVE-0
1297	0:0:27.8.0	QUEUE	ready CMOVE-1
1297	0:0:27.8.0	QUEUE	ready CMOVE-8
1297	0:0:27.8.0	QUEUE	ready LUKNEW
1297	0:0:27.9.0	TASK	run PLAYER
1297	0:0:27.9.0	TASK	run CMOVE-0
1297	0:0:27.9.0	TASK	run CMOVE-1
1297	0:0:27.9.0	TASK	run CMOVE-8
1297	0:0:27.9.0	SOUND	slot=8 type=1 vol=255
1297	0:0:27.9.0	MISS	slot=8 roll=28
1297	0:0:27.9.0	TASK	run LUKNEW
1298	0:0:27.9.0	QUEUE	ready PLAYER
1298	0:0:27.9.1	TASK	run PLAYER
1299	0:0:27.9.1	QUEUE	ready PLAYER
1299	0:0:27.9.2	TASK	run PLAYER
1300	0:0:27.9.2	QUEUE	ready PLAYER
1300	0:0:27.9.3	TASK	run PLAYER
1301	0:0:27.9.3	QUEUE	ready PLAYER
1301	0:0:27.9.4	TASK	run PLAYER
1301	0:0:27.9.4	LINE	"ATTACK RIGHT"
1301	0:0:27.9.4	EXERT	damage=0
1301	0:0:27.9.4	SOUND	class=4
1301	0:0:27.9.4	HIT	slot=8
1301	0:0:27.9.4	DAMAGE	slot=8 damage=6
1302	0:0:27.9.4	QUEUE	ready PLAYER
1302	0:0:27.9.5	TASK	run PLAYER
1303	0:0:27.9.5	QUEUE	ready PLAYER
1303	0:0:28.0.0	TASK	run PLAYER
1304	0:0:28.0.0	QUEUE	ready PLAYER
1304	0:0:28.0.1	TASK	run PLAYER
1305	0:0:28.0.1	QUEUE	ready PLAYER
1305	0:0:28.0.2	TASK	run PLAYER
1306	0:0:28.0.2	QUEUE	ready PLAYER
1306	0:0:28.0.3	TASK	run PLAYER
1307	0:0:28.0.3	QUEUE	ready PLAYER
1307	0:0:28.0.4	TASK	run PLAYER
1308	0:0:28.0.4	QUEUE	ready PLAYER
1308	0:0:28.0.5	TASK	run PLAYER
1309	0:0:28.0.5	QUEUE	ready PLAYER
1309	0:0:28.1.0	TASK	run PLAYER
1310	0:0:28.1.0	QUEUE	ready PLAYER
1310	0:0:28.1.1	TASK	run PLAYER
1311	0:0:28.1.1	QUEUE	ready PLAYER
1311	0:0:28.1.2	TASK	run PLAYER
1312	0:0:28.1.2	QUEUE	ready PLAYER
1312	0:0:28.1.3	TASK	run PLAYER
1313	0:0:28.1.3	QUEUE	ready PLAYER
1313	0:0:28.1.4	TASK	run PLAYER
1314	0:0:28.1.4	QUEUE	ready PLAYER
1314	0:0:28.1.5	TASK	run PLAYER
1315	0:0:28.1.5	QUEUE	ready PLAYER
1315	0:0:28.1.0	QUEUE	ready LUKNEW
1315	0:0:28.2.0	TASK	run PLAYER
1315	0:0:28.2.0	TASK	run LUKNEW
1316	0:0:28.2.0	QUEUE	ready PLAYER
1316	0:0:28.2.1	TASK	run PLAYER
1317	0:0:28.2.1	QUEUE	ready PLAYER
1317	0:0:28.2.2	TASK	run PLAYER
1317	0:0:28.2.2	LINE	"ATTACK RIGHT"
1317	0:0:28.2.2	EXERT	damage=0
1317	0:0:28.2.2	SOUND	class=4
1317	0:0:28.2.2	HIT	slot=8
1317	0:0:28.2.2	DAMAGE	slot=8 damage=12
1318	0:0:28.2.2	QUEUE	ready PLAYER
1318	0:0:28.2.3	TASK	run PLAYER
1319	0:0:28.2.3	QUEUE	ready PLAYER
1319	0:0:28.2.4	TASK	run PLAYER
1320	0:0:28.2.4	QUEUE	ready PLAYER
1320	0:0:28.2.5	TASK	run PLAYER
1321	0:0:28.2.5	QUEUE	ready PLAYER
1321	0:0:28.3.0	TASK	run PLAYER
1322	0:0:28.3.0	QUEUE	ready PLAYER
1322	0:0:28.3.1	TASK	run PLAYER
1323	0:0:28.3.1	QUEUE	ready PLAYER
1323	0:0:28.3.2	TASK	run PLAYER
1324	0:0:28.3.2	QUEUE	ready PLAYER
1324	0:0:28.3.3	TASK	run PLAYER
1325	0:0:28.3.3	QUEUE	ready PLAYER
1325	0:0:28.3.4	TASK	run PLAYER
1326	0:0:28.3.4	QUEUE	ready PLAYER
1326	0:0:28.3.5	TASK	run PLAYER
1327	0:0:28.3.5	QUEUE	ready PLAYER
1327	0:0:28.4.0	TASK	run PLAYER
1328	0:0:28.4.0	QUEUE	ready PLAYER
1328	0:0:28.4.1	TASK	run PLAYER
1329	0:0:28.4.1	QUEUE	ready PLAYER
1329	0:0:28.4.2	TASK	run PLAYER
1330	0:0:28.4.2	QUEUE	ready PLAYER
1330	0:0:28.4.3	TASK	run PLAYER
1331	0:0:28.4.3	QUEUE	ready PLAYER
1331	0:0:28.4.4	TASK	run PLAYER
1332	0:0:28.4.4	QUEUE	ready PLAYER
1332	0:0:28.4.5	TASK	run PLAYER
1333	0:0:28.4.5	QUEUE	ready PLAYER
1333	0:0:28.4.0	QUEUE	ready LUKNEW
1333	0:0:28.5.0	TASK	run PLAYER
1333	0:0:28.5.0	LINE	"ATTACK RIGHT"
1333	0:0:28.5.0	EXERT	damage=0
1333	0:0:28.5.0	SOUND	class=4
1333	0:0:28.5.0	HIT	slot=8
1333	0:0:28.5.0	DAMAGE	slot=8 damage=18
1333	0:0:28.5.0	TASK	run LUKNEW
1334	0:0:28.5.0	QUEUE	ready PLAYER
1334	0:0:28.5.1	TASK	run PLAYER
1335	0:0:28.5.1	QUEUE	ready HSLOW
1335	0:0:28.5.1	QUEUE	ready PLAYER
1335	0:0:28.5.2	TASK	run HSLOW
1335	0:0:28.5.2	TASK	run PLAYER
1336	0:0:28.5.2	QUEUE	ready PLAYER
1336	0:0:28.5.3	TASK	run PLAYER
1337	0:0:28.5.3	QUEUE	ready PLAYER
1337	0:0:28.5.4	TASK	run PLAYER
1338	0:0:28.5.4	QUEUE	ready PLAYER
1338	0:0:28.5.5	TASK	run PLAYER
1339	0:0:28.5.5	QUEUE	ready PLAYER
1339	0:0:28.5.0	QUEUE	ready CMOVE-8
1339	0:0:28.6.0	TASK	run PLAYER
1339	0:0:28.6.0	TASK	run CMOVE-8
1339	0:0:28.6.0	SOUND	slot=8 type=1 vol=255
1339	0:0:28.6.0	MISS	slot=8 roll=115
1340	0:0:28.6.0	QUEUE	ready PLAYER
1340	0:0:28.6.1	TASK	run PLAYER
1341	0:0:28.6.1	QUEUE	ready PLAYER
1341	0:0:28.6.2	TASK	run PLAYER
1342	0:0:28.6.2	QUEUE	ready PLAYER
1342	0:0:28.6.3	TASK	run PLAYER
1343	0:0:28.6.3	QUEUE	ready PLAYER
1343	0:0:28.6.4	TASK	run PLAYER
1344	0:0:28.6.4	QUEUE	ready PLAYER
1344	0:0:28.6.5	TASK	run PLAYER
1345	0:0:28.6.5	QUEUE	ready PLAYER
1345	0:0:28.6.0	QUEUE	ready CMOVE-6
1345	0:0:28.6.0	QUEUE	ready CMOVE-7
1345	0:0:28.6.0	QUEUE	ready CMOVE-9
1345	0:0:28.6.0	QUEUE	ready CMOVE-10
1345	0:0:28.6.0	QUEUE	ready CMOVE-11
1345	0:0:28.6.0	QUEUE	ready CMOVE-12
1345	0:0:28.6.0	QUEUE	ready CMOVE-13
1345	0:0:28.6.0	QUEUE	ready CMOVE-14
1345	0:0:28.7.0	TASK	run PLAYER
1345	0:0:28.7.0	TASK	run CMOVE-6
1345	0:0:28.7.0	TASK	run CMOVE-7
1345	0:0:28.7.0	TASK	run CMOVE-9
1345	0:0:28.7.0	TASK	run CMOVE-10
1345	0:0:28.7.0	TASK	run CMOVE-11
1345	0:0:28.7.0	TASK	run CMOVE-12
1345	0:0:28.7.0	TASK	run CMOVE-13
1345	0:0:28.7.0	TASK	run CMOVE-14
1345	0:0:28.7.0	SOUND	slot=14 silent
1345	0:0:28.7.0	LOOK	slot=14
1346	0:0:28.7.0	QUEUE	ready PLAYER
1346	0:0:28.7.1	TASK	run PLAYER
1347	0:0:28.7.1	QUEUE	ready PLAYER
1347	0:0:28.7.2	TASK	run PLAYER
1348	0:0:28.7.2	QUEUE	ready PLAYER
1348	0:0:28.7.3	TASK	run PLAYER
1349	0:0:28.7.3	QUEUE	ready PLAYER
1349	0:0:28.7.4	TASK	run PLAYER
1349	0:0:28.7.4	LINE	"ATTACK RIGHT"
1349	0:0:28.7.4	EXERT	damage=0
1349	0:0:28.7.4	SOUND	class=4
1349	0:0:28.7.4	DARK	roll=230
1350	0:0:28.7.4	QUEUE	ready PLAYER
1350	0:0:28.7.5	TASK	run PLAYER
1351	0:0:28.7.5	QUEUE	ready PLAYER
1351	0:0:28.7.0	QUEUE	ready LUKNEW
1351	0:0:28.8.0	TASK	run PLAYER
1351	0:0:28.8.0	TASK	run LUKNEW
1352	0:0:28.8.0	QUEUE	ready PLAYER
1352	0:0:28.8.1	TASK	run PLAYER
1353	0:0:28.8.1	QUEUE	ready PLAYER
1353	0:0:28.8.2	TASK	run PLAYER
1354	0:0:28.8.2	QUEUE	ready PLAYER
1354	0:0:28.8.3	TASK	run PLAYER
1355	0:0:28.8.3	QUEUE	ready PLAYER
1355	0:0:28.8.4	TASK	run PLAYER
1356	0:0:28.8.4	QUEUE	ready PLAYER
1356	0:0:28.8.5	TASK	run PLAYER
1357	0:0:28.8.5	QUEUE	ready PLAYER
1357	0:0:28.9.0	TASK	run PLAYER
1358	0:0:28.9.0	QUEUE	ready PLAYER
1358	0:0:28.9.1	TASK	run PLAYER
1359	0:0:28.9.1	QUEUE	ready PLAYER
1359	0:0:28.9.2	TASK	run PLAYER
1360	0:0:28.9.2	QUEUE	ready PLAYER
1360	0:0:28.9.3	TASK	run PLAYER
1361	0:0:28.9.3	QUEUE	ready PLAYER
1361	0:0:28.9.4	TASK	run PLAYER
1362	0:0:28.9.4	QUEUE	ready PLAYER
1362	0:0:28.9.5	TASK	run PLAYER
1363	0:0:28.9.5	QUEUE	ready PLAYER
1363	0:0:29.0.0	TASK	run PLAYER
1364	0:0:29.0.0	QUEUE	ready PLAYER
1364	0:0:29.0.1	TASK	run PLAYER
1365	0:0:29.0.1	QUEUE	ready PLAYER
1365	0:0:29.0.2	TASK	run PLAYER
1365	0:0:29.0.2	LINE	"ATTACK RIGHT"
1365	0:0:29.0.2	EXERT	damage=0
1365	0:0:29.0.2	SOUND	class=4
1365	0:0:29.0.2	DARK	roll=15
1366	0:0:29.0.2	QUEUE	ready PLAYER
1366	0:0:29.0.3	TASK	run PLAYER
1367	0:0:29.0.3	QUEUE	ready PLAYER
1367	0:0:29.0.4	TASK	run PLAYER
1368	0:0:29.0.4	QUEUE	ready PLAYER
1368	0:0:29.0.5	TASK	run PLAYER
1369	0:0:29.0.5	QUEUE	ready PLAYER
1369	0:0:29.0.0	QUEUE	ready LUKNEW
1369	0:0:29.1.0	TASK	run PLAYER
1369	0:0:29.1.0	TASK	run LUKNEW
1370	0:0:29.1.0	QUEUE	ready PLAYER
1370	0:0:29.1.1	TASK	run PLAYER
1371	0:0:29.1.1	QUEUE	ready PLAYER
1371	0:0:29.1.2	TASK	run PLAYER
1372	0:0:29.1.2	QUEUE	ready PLAYER
1372	0:0:29.1.3	TASK	run PLAYER
1373	0:0:29.1.3	QUEUE	ready PLAYER
1373	0:0:29.1.4	TASK	run PLAYER
1374	0:0:29.1.4	QUEUE	ready PLAYER
1374	0:0:29.1.5	TASK	run PLAYER
1375	0:0:29.1.5	QUEUE	ready PLAYER
1375	0:0:29.1.0	QUEUE	ready CMOVE-15
1375	0:0:29.1.0	QUEUE	ready CMOVE-16
1375	0:0:29.1.0	QUEUE	ready CMOVE-17
1375	0:0:29.1.0	QUEUE	ready CMOVE-18
1375	0:0:29.1.0	QUEUE	ready CMOVE-19
1375	0:0:29.1.0	QUEUE	ready CMOVE-20
1375	0:0:29.1.0	QUEUE	ready CMOVE-21
1375	0:0:29.1.0	QUEUE	ready CMOVE-22
1375	0:0:29.1.0	QUEUE	ready CMOVE-23
1375	0:0:29.2.0	TASK	run PLAYER
1375	0:0:29.2.0	TASK	run CMOVE-15
1375	0:0:29.2.0	TASK	run CMOVE-16
1375	0:0:29.2.0	TASK	run CMOVE-17
1375	0:0:29.2.0	TASK	run CMOVE-18
1375	0:0:29.2.0	TASK	run CMOVE-19
1375	0:0:29.2.0	TASK	run CMOVE-20
1375	0:0:29.2.0	TASK	run CMOVE-21
1375	0:0:29.2.0	TASK	run CMOVE-22
1375	0:0:29.2.0	TASK	run CMOVE-23
1376	0:0:29.2.0	QUEUE	ready PLAYER
1376	0:0:29.2.1	TASK	run PLAYER
1377	0:0:29.2.1	QUEUE	ready PLAYER
1377	0:0:29.2.2	TASK	run PLAYER
1378	0:0:29.2.2	QUEUE	ready PLAYER
1378	0:0:29.2.3	TASK	run PLAYER
1379	0:0:29.2.3	QUEUE	ready PLAYER
1379	0:0:29.2.4	TASK	run PLAYER
1380	0:0:29.2.4	QUEUE	ready PLAYER
1380	0:0:29.2.5	TASK	run PLAYER
1381	0:0:29.2.5	QUEUE	ready HSLOW
1381	0:0:29.2.5	QUEUE	ready PLAYER
1381	0:0:29.2.0	QUEUE	ready CMOVE-8
1381	0:0:29.3.0	TASK	run HSLOW
1381	0:0:29.3.0	TASK	run PLAYER
1381	0:0:29.3.0	LINE	"ATTACK RIGHT"
1381	0:0:29.3.0	EXERT	damage=0
1381	0:0:29.3.0	SOUND	class=4
1381	0:0:29.3.0	DARK	roll=14
1381	0:0:29.3.0	TASK	run CMOVE-8
1381	0:0:29.3.0	SOUND	slot=8 type=1 vol=255
1381	0:0:29.3.0	MISS	slot=8 roll=103
1382	0:0:29.3.0	QUEUE	ready PLAYER
1382	0:0:29.3.1	TASK	run PLAYER
1383	0:0:29.3.1	QUEUE	ready PLAYER
1383	0:0:29.3.2	TASK	run PLAYER
1384	0:0:29.3.2	QUEUE	ready PLAYER
1384	0:0:29.3.3	TASK	run PLAYER
1385	0:0:29.3.3	QUEUE	ready PLAYER
1385	0:0:29.3.4	TASK	run PLAYER
1386	0:0:29.3.4	QUEUE	ready PLAYER
1386	0:0:29.3.5	TASK	run PLAYER
1387	0:0:29.3.5	QUEUE	ready PLAYER
1387	0:0:29.3.0	QUEUE	ready CMOVE-2
1387	0:0:29.3.0	QUEUE	ready CMOVE-3
1387	0:0:29.3.0	QUEUE	ready CMOVE-4
1387	0:0:29.3.0	QUEUE	ready CMOVE-5
1387	0:0:29.3.0	QUEUE	ready LUKNEW
1387	0:0:29.4.0	TASK	run PLAYER
1387	0:0:29.4.0	TASK	run CMOVE-2
1387	0:0:29.4.0	TASK	run CMOVE-3
1387	0:0:29.4.0	TASK	run CMOVE-4
1387	0:0:29.4.0	TASK	run CMOVE-5
1387	0:0:29.4.0	TASK	run LUKNEW
1388	0:0:29.4.0	QUEUE	ready PLAYER
1388	0:0:29.4.1	TASK	run PLAYER
1389	0:0:29.4.1	QUEUE	ready PLAYER
1389	0:0:29.4.2	TASK	run PLAYER
1390	0:0:29.4.2	QUEUE	ready PLAYER
1390	0:0:29.4.3	TASK	run PLAYER
1391	0:0:29.4.3	QUEUE	ready PLAYER
1391	0:0:29.4.4	TASK	run PLAYER
1392	0:0:29.4.4	QUEUE	ready PLAYER
1392	0:0:29.4.5	TASK	run PLAYER
1393	0:0:29.4.5	QUEUE	ready PLAYER
1393	0:0:29.5.0	TASK	run PLAYER
1394	0:0:29.5.0	QUEUE	ready PLAYER
1394	0:0:29.5.1	TASK	run PLAYER
1395	0:0:29.5.1	QUEUE	ready PLAYER
1395	0:0:29.5.2	TASK	run PLAYER
1396	0:0:29.5.2	QUEUE	ready PLAYER
1396	0:0:29.5.3	TASK	run PLAYER
1397	0:0:29.5.3	QUEUE	ready PLAYER
1397	0:0:29.5.4	TASK	run PLAYER
1397	0:0:29.5.4	LINE	"ATTACK RIGHT"
1397	0:0:29.5.4	EXERT	damage=0
1397	0:0:29.5.4	SOUND	class=4
1397	0:0:29.5.4	DARK	roll=131
1398	0:0:29.5.4	QUEUE	ready PLAYER
1398	0:0:29.5.5	TASK	run PLAYER
1399	0:0:29.5.5	QUEUE	ready PLAYER
1399	0:0:29.6.0	TASK	run PLAYER
1400	0:0:29.6.0	QUEUE	ready PLAYER
1400	0:0:29.6.1	TASK	run PLAYER
1401	0:0:29.6.1	QUEUE	ready PLAYER
1401	0:0:29.6.2	TASK	run PLAYER
1402	0:0:29.6.2	QUEUE	ready PLAYER
1402	0:0:29.6.3	TASK	run PLAYER
1403	0:0:29.6.3	QUEUE	ready PLAYER
1403	0:0:29.6.4	TASK	run PLAYER
1404	0:0:29.6.4	QUEUE	ready PLAYER
1404	0:0:29.6.5	TASK	run PLAYER
1405	0:0:29.6.5	QUEUE	ready PLAYER
1405	0:0:29.6.0	QUEUE	ready LUKNEW
1405	0:0:29.7.0	TASK	run PLAYER
1405	0:0:29.7.0	TASK	run LUKNEW
1406	0:0:29.7.0	QUEUE	ready PLAYER
1406	0:0:29.7.1	TASK	run PLAYER
1407	0:0:29.7.1	QUEUE	ready PLAYER
1407	0:0:29.7.2	TASK	run PLAYER
1408	0:0:29.7.2	QUEUE	ready PLAYER
1408	0:0:29.7.3	TASK	run PLAYER
1409	0:0:29.7.3	QUEUE	ready PLAYER
1409	0:0:29.7.4	TASK	run PLAYER
1410	0:0:29.7.4	QUEUE	ready PLAYER
1410	0:0:29.7.5	TASK	run PLAYER
1411	0:0:29.7.5	QUEUE	ready PLAYER
1411	0:0:29.8.0	TASK	run PLAYER
1412	0:0:29.8.0	QUEUE	ready PLAYER
1412	0:0:29.8.1	TASK	run PLAYER
1413	0:0:29.8.1	QUEUE	ready PLAYER
1413	0:0:29.8.2	TASK	run PLAYER
1413	0:0:29.8.2	LINE	"ATTACK RIGHT"
1413	0:0:29.8.2	EXERT	damage=0
1413	0:0:29.8.2	SOUND	class=4
1413	0:0:29.8.2	DARK	roll=190
1414	0:0:29.8.2	QUEUE	ready PLAYER
1414	0:0:29.8.3	TASK	run PLAYER
1415	0:0:29.8.3	QUEUE	ready PLAYER
1415	0:0:29.8.4	TASK	run PLAYER
1416	0:0:29.8.4	QUEUE	ready PLAYER
1416	0:0:29.8.5	TASK	run PLAYER
1417	0:0:29.8.5	QUEUE	ready PLAYER
1417	0:0:29.9.0	TASK	run PLAYER
1418	0:0:29.9.0	QUEUE	ready PLAYER
1418	0:0:29.9.1	TASK	run PLAYER
1419	0:0:29.9.1	QUEUE	ready PLAYER
1419	0:0:29.9.2	TASK	run PLAYER
1420	0:0:29.9.2	QUEUE	ready PLAYER
1420	0:0:29.9.3	TASK	run PLAYER
1421	0:0:29.9.3	QUEUE	ready PLAYER
1421	0:0:29.9.4	TASK	run PLAYER
1422	0:0:29.9.4	QUEUE	ready PLAYER
1422	0:0:29.9.5	TASK	run PLAYER
1423	0:0:29.9.5	QUEUE	ready PLAYER
1423	0:0:29.9.0	QUEUE	ready CMOVE-8
1423	0:0:29.9.0	QUEUE	ready LUKNEW
1423	0:0:30.0.0	TASK	run PLAYER
1423	0:0:30.0.0	TASK	run CMOVE-8
1423	0:0:30.0.0	SOUND	slot=8 type=1 vol=255
1423	0:0:30.0.0	MISS	slot=8 roll=114
1423	0:0:30.0.0	TASK	run LUKNEW
1424	0:0:30.0.0	QUEUE	ready PLAYER
1424	0:0:30.0.1	TASK	run PLAYER
1425	0:0:30.0.1	QUEUE	ready PLAYER
1425	0:0:30.0.2	TASK	run PLAYER
1426	0:0:30.0.2	QUEUE	ready PLAYER
1426	0:0:30.0.3	TASK	run PLAYER
1427	0:0:30.0.3	QUEUE	ready HSLOW
1427	0:0:30.0.3	QUEUE	ready PLAYER
1427	0:0:30.0.4	TASK	run HSLOW
1427	0:0:30.0.4	TASK	run PLAYER
1428	0:0:30.0.4	QUEUE	ready PLAYER
1428	0:0:30.0.5	TASK	run PLAYER
1429	0:0:30.0.5	QUEUE	ready PLAYER
1429	0:0:30.1.0	TASK	run PLAYER
1429	0:0:30.1.0	LINE	"ATTACK RIGHT"
1429	0:0:30.1.0	EXERT	damage=0
1429	0:0:30.1.0	SOUND	class=4
1429	0:0:30.1.0	DARK	roll=2
1430	0:0:30.1.0	QUEUE	ready PLAYER
1430	0:0:30.1.1	TASK	run PLAYER
1431	0:0:30.1.1	QUEUE	ready PLAYER
1431	0:0:30.1.2	TASK	run PLAYER
1432	0:0:30.1.2	QUEUE	ready PLAYER
1432	0:0:30.1.3	TASK	run PLAYER
1433	0:0:30.1.3	QUEUE	ready PLAYER
1433	0:0:30.1.4	TASK	run PLAYER
1434	0:0:30.1.4	QUEUE	ready PLAYER
1434	0:0:30.1.5	TASK	run PLAYER
1435	0:0:30.1.5	QUEUE	ready PLAYER
1435	0:0:30.1.0	QUEUE	ready CMOVE-6
1435	0:0:30.1.0	QUEUE	ready CMOVE-7
1435	0:0:30.1.0	QUEUE	ready CMOVE-9
1435	0:0:30.1.0	QUEUE	ready CMOVE-10
1435	0:0:30.1.0	QUEUE	ready CMOVE-11
1435	0:0:30.1.0	QUEUE	ready CMOVE-12
1435	0:0:30.1.0	QUEUE	ready CMOVE-13
1435	0:0:30.1.0	QUEUE	ready CMOVE-14
1435	0:0:30.2.0	TASK	run PLAYER
1435	0:0:30.2.0	TASK	run CMOVE-6
1435	0:0:30.2.0	TASK	run CMOVE-7
1435	0:0:30.2.0	TASK	run CMOVE-9
1435	0:0:30.2.0	TASK	run CMOVE-10
1435	0:0:30.2.0	TASK	run CMOVE-11
1435	0:0:30.2.0	TASK	run CMOVE-12
1435	0:0:30.2.0	TASK	run CMOVE-13
1435	0:0:30.2.0	TASK	run CMOVE-14
1436	0:0:30.2.0	QUEUE	ready PLAYER
1436	0:0:30.2.1	TASK	run PLAYER
1437	0:0:30.2.1	QUEUE	ready PLAYER
1437	0:0:30.2.2	TASK	run PLAYER
1438	0:0:30.2.2	QUEUE	ready PLAYER
1438	0:0:30.2.3	TASK	run PLAYER
1439	0:0:30.2.3	QUEUE	ready PLAYER
1439	0:0:30.2.4	TASK	run PLAYER
1440	0:0:30.2.4	QUEUE	ready PLAYER
1440	0:0:30.2.5	TASK	run PLAYER
1441	0:0:30.2.5	QUEUE	ready PLAYER
1441	0:0:30.2.0	QUEUE	ready LUKNEW
1441	0:0:30.3.0	TASK	run PLAYER
1441	0:0:30.3.0	TASK	run LUKNEW
1442	0:0:30.3.0	QUEUE	ready PLAYER
1442	0:0:30.3.1	TASK	run PLAYER
1443	0:0:30.3.1	QUEUE	ready PLAYER
1443	0:0:30.3.2	TASK	run PLAYER
1444	0:0:30.3.2	QUEUE	ready PLAYER
1444	0:0:30.3.3	TASK	run PLAYER
1445	0:0:30.3.3	QUEUE	ready PLAYER
1445	0:0:30.3.4	TASK	run PLAYER
1445	0:0:30.3.4	LINE	"ATTACK RIGHT"
1445	0:0:30.3.4	EXERT	damage=0
1445	0:0:30.3.4	SOUND	class=4
1445	0:0:30.3.4	HIT	slot=8
1445	0:0:30.3.4	DAMAGE	slot=8 damage=24
1446	0:0:30.3.4	QUEUE	ready PLAYER
1446	0:0:30.3.5	TASK	run PLAYER
1447	0:0:30.3.5	QUEUE	ready PLAYER
1447	0:0:30.4.0	TASK	run PLAYER
1448	0:0:30.4.0	QUEUE	ready PLAYER
1448	0:0:30.4.1	TASK	run PLAYER
1449	0:0:30.4.1	QUEUE	ready PLAYER
1449	0:0:30.4.2	TASK	run PLAYER
1450	0:0:30.4.2	QUEUE	ready PLAYER
1450	0:0:30.4.3	TASK	run PLAYER
1451	0:0:30.4.3	QUEUE	ready PLAYER
1451	0:0:30.4.4	TASK	run PLAYER
1452	0:0:30.4.4	QUEUE	ready PLAYER
1452	0:0:30.4.5	TASK	run PLAYER
1453	0:0:30.4.5	QUEUE	ready PLAYER
1453	0:0:30.5.0	TASK	run PLAYER
1454	0:0:30.5.0	QUEUE	ready PLAYER
1454	0:0:30.5.1	TASK	run PLAYER
1455	0:0:30.5.1	QUEUE	ready PLAYER
1455	0:0:30.5.2	TASK	run PLAYER
1456	0:0:30.5.2	QUEUE	ready PLAYER
1456	0:0:30.5.3	TASK	run PLAYER
1457	0:0:30.5.3	QUEUE	ready PLAYER
1457	0:0:30.5.4	TASK	run PLAYER
1458	0:0:30.5.4	QUEUE	ready PLAYER
1458	0:0:30.5.5	TASK	run PLAYER
1459	0:0:30.5.5	QUEUE	ready PLAYER
1459	0:0:30.5.0	QUEUE	ready LUKNEW
1459	0:0:30.6.0	TASK	run PLAYER
1459	0:0:30.6.0	TASK	run LUKNEW
1460	0:0:30.6.0	QUEUE	ready PLAYER
1460	0:0:30.6.1	TASK	run PLAYER
1461	0:0:30.6.1	QUEUE	ready PLAYER
1461	0:0:30.6.2	TASK	run PLAYER
1461	0:0:30.6.2	LINE	"ATTACK RIGHT"
1461	0:0:30.6.2	EXERT	damage=0
1461	0:0:30.6.2	SOUND	class=4
1461	0:0:30.6.2	DARK	roll=62
1462	0:0:30.6.2	QUEUE	ready PLAYER
1462	0:0:30.6.3	TASK	run PLAYER
1463	0:0:30.6.3	QUEUE	ready PLAYER
1463	0:0:30.6.4	TASK	run PLAYER
1464	0:0:30.6.4	QUEUE	ready PLAYER
1464	0:0:30.6.5	TASK	run PLAYER
1465	0:0:30.6.5	QUEUE	ready PLAYER
1465	0:0:30.6.0	QUEUE	ready CMOVE-8
1465	0:0:30.7.0	TASK	run PLAYER
1465	0:0:30.7.0	TASK	run CMOVE-8
1465	0:0:30.7.0	SOUND	slot=8 type=1 vol=255
1465	0:0:30.7.0	MISS	slot=8 roll=89
1466	0:0:30.7.0	QUEUE	ready PLAYER
1466	0:0:30.7.1	TASK	run PLAYER
1467	0:0:30.7.1	QUEUE	ready PLAYER
1467	0:0:30.7.2	TASK	run PLAYER
1468	0:0:30.7.2	QUEUE	ready PLAYER
1468	0:0:30.7.3	TASK	run PLAYER
1469	0:0:30.7.3	QUEUE	ready PLAYER
1469	0:0:30.7.4	TASK	run PLAYER
1470	0:0:30.7.4	QUEUE	ready PLAYER
1470	0:0:30.7.5	TASK	run PLAYER
1471	0:0:30.7.5	QUEUE	ready PLAYER
1471	0:0:30.8.0	TASK	run PLAYER
1472	0:0:30.8.0	QUEUE	ready PLAYER
1472	0:0:30.8.1	TASK	run PLAYER
1473	0:0:30.8.1	QUEUE	ready HSLOW
1473	0:0:30.8.1	QUEUE	ready PLAYER
1473	0:0:30.8.2	TASK	run HSLOW
1473	0:0:30.8.2	TASK	run PLAYER
1474	0:0:30.8.2	QUEUE	ready PLAYER
1474	0:0:30.8.3	TASK	run PLAYER
1475	0:0:30.8.3	QUEUE	ready PLAYER
1475	0:0:30.8.4	TASK	run PLAYER
1476	0:0:30.8.4	QUEUE	ready PLAYER
1476	0:0:30.8.5	TASK	run PLAYER
1477	0:0:30.8.5	QUEUE	ready PLAYER
1477	0:0:30.8.0	QUEUE	ready LUKNEW
1477	0:0:30.9.0	TASK	run PLAYER
1477	0:0:30.9.0	LINE	"ATTACK RIGHT"
1477	0:0:30.9.0	EXERT	damage=0
1477	0:0:30.9.0	SOUND	class=4
1477	0:0:30.9.0	DARK	roll=151
1477	0:0:30.9.0	TASK	run LUKNEW
1478	0:0:30.9.0	QUEUE	ready PLAYER
1478	0:0:30.9.1	TASK	run PLAYER
1479	0:0:30.9.1	QUEUE	ready PLAYER
1479	0:0:30.9.2	TASK	run PLAYER
1480	0:0:30.9.2	QUEUE	ready PLAYER
1480	0:0:30.9.3	TASK	run PLAYER
1481	0:0:30.9.3	QUEUE	ready PLAYER
1481	0:0:30.9.4	TASK	run PLAYER
1482	0:0:30.9.4	QUEUE	ready PLAYER
1482	0:0:30.9.5	TASK	run PLAYER
1483	0:0:30.9.5	QUEUE	ready PLAYER
1483	0:0:30.9.0	QUEUE	ready CMOVE-0
1483	0:0:30.9.0	QUEUE	ready CMOVE-1
1483	0:0:31.0.0	TASK	run PLAYER
1483	0:0:31.0.0	TASK	run CMOVE-0
1483	0:0:31.0.0	TASK	run CMOVE-1
1484	0:0:31.0.0	QUEUE	ready PLAYER
1484	0:0:31.0.1	TASK	run PLAYER
1485	0:0:31.0.1	QUEUE	ready PLAYER
1485	0:0:31.0.2	TASK	run PLAYER
1486	0:0:31.0.2	QUEUE	ready PLAYER
1486	0:0:31.0.3	TASK	run PLAYER
1487	0:0:31.0.3	QUEUE	ready PLAYER
1487	0:0:31.0.4	TASK	run PLAYER
1488	0:0:31.0.4	QUEUE	ready PLAYER
1488	0:0:31.0.5	TASK	run PLAYER
1489	0:0:31.0.5	QUEUE	ready PLAYER
1489	0:0:31.1.0	TASK	run PLAYER
1490	0:0:31.1.0	QUEUE	ready PLAYER
1490	0:0:31.1.1	TASK	run PLAYER
1491	0:0:31.1.1	QUEUE	ready PLAYER
1491	0:0:31.1.2	TASK	run PLAYER
1492	0:0:31.1.2	QUEUE	ready PLAYER
1492	0:0:31.1.3	TASK	run PLAYER
1493	0:0:31.1.3	QUEUE	ready PLAYER
1493	0:0:31.1.4	TASK	run PLAYER
1493	0:0:31.1.4	LINE	"ATTACK RIGHT"
1493	0:0:31.1.4	EXERT	damage=0
1493	0:0:31.1.4	SOUND	class=4
1493	0:0:31.1.4	HIT	slot=8
1493	0:0:31.1.4	DAMAGE	slot=8 damage=30
1494	0:0:31.1.4	QUEUE	ready PLAYER
1494	0:0:31.1.5	TASK	run PLAYER
1495	0:0:31.1.5	QUEUE	ready PLAYER
1495	0:0:31.1.0	QUEUE	ready LUKNEW
1495	0:0:31.2.0	TASK	run PLAYER
1495	0:0:31.2.0	TASK	run LUKNEW
1496	0:0:31.2.0	QUEUE	ready PLAYER
1496	0:0:31.2.1	TASK	run PLAYER
1497	0:0:31.2.1	QUEUE	ready PLAYER
1497	0:0:31.2.2	TASK	run PLAYER
1498	0:0:31.2.2	QUEUE	ready PLAYER
1498	0:0:31.2.3	TASK	run PLAYER
1499	0:0:31.2.3	QUEUE	ready PLAYER
1499	0:0:31.2.4	TASK	run PLAYER
1500	0:0:31.2.4	QUEUE	ready PLAYER
1500	0:0:31.2.5	TASK	run PLAYER
1501	0:0:31.2.5	QUEUE	ready PLAYER
1501	0:0:31.3.0	TASK	run PLAYER
1502	0:0:31.3.0	QUEUE	ready PLAYER
1502	0:0:31.3.1	TASK	run PLAYER
1503	0:0:31.3.1	QUEUE	ready PLAYER
1503	0:0:31.3.2	TASK	run PLAYER
1504	0:0:31.3.2	QUEUE	ready PLAYER
1504	0:0:31.3.3	TASK	run PLAYER
1505	0:0:31.3.3	QUEUE	ready PLAYER
1505	0:0:31.3.4	TASK	run PLAYER
1506	0:0:31.3.4	QUEUE	ready PLAYER
1506	0:0:31.3.5	TASK	run PLAYER
1507	0:0:31.3.5	QUEUE	ready PLAYER
1507	0:0:31.3.0	QUEUE	ready CMOVE-8
1507	0:0:31.4.0	TASK	run PLAYER
1507	0:0:31.4.0	TASK	run CMOVE-8
1507	0:0:31.4.0	SOUND	slot=8 type=1 vol=255
1507	0:0:31.4.0	MISS	slot=8 roll=62
1508	0:0:31.4.0	QUEUE	ready PLAYER
1508	0:0:31.4.1	TASK	run PLAYER
1509	0:0:31.4.1	QUEUE	ready PLAYER
1509	0:0:31.4.2	TASK	run PLAYER
1509	0:0:31.4.2	LINE	"ATTACK RIGHT"
1509	0:0:31.4.2	EXERT	damage=0
1509	0:0:31.4.2	SOUND	class=4
1509	0:0:31.4.2	DARK	roll=223
1510	0:0:31.4.2	QUEUE	ready PLAYER
1510	0:0:31.4.3	TASK	run PLAYER
1511	0:0:31.4.3	QUEUE	ready PLAYER
1511	0:0:31.4.4	TASK	run PLAYER
1512	0:0:31.4.4	QUEUE	ready PLAYER
1512	0:0:31.4.5	TASK	run PLAYER
1513	0:0:31.4.5	QUEUE	ready PLAYER
1513	0:0:31.4.0	QUEUE	ready CMOVE-15
1513	0:0:31.4.0	QUEUE	ready CMOVE-16
1513	0:0:31.4.0	QUEUE	ready CMOVE-17
1513	0:0:31.4.0	QUEUE	ready CMOVE-18
1513	0:0:31.4.0	QUEUE	ready CMOVE-19
1513	0:0:31.4.0	QUEUE	ready CMOVE-20
1513	0:0:31.4.0	QUEUE	ready CMOVE-21
1513	0:0:31.4.0	QUEUE	ready CMOVE-22
1513	0:0:31.4.0	QUEUE	ready CMOVE-23
1513	0:0:31.4.0	QUEUE	ready LUKNEW
1513	0:0:31.5.0	TASK	run PLAYER
1513	0:0:31.5.0	TASK	run CMOVE-15
1513	0:0:31.5.0	TASK	run CMOVE-16
1513	0:0:31.5.0	TASK	run CMOVE-17
1513	0:0:31.5.0	TASK	run CMOVE-18
1513	0:0:31.5.0	TASK	run CMOVE-19
1513	0:0:31.5.0	TASK	run CMOVE-20
1513	0:0:31.5.0	TASK	run CMOVE-21
1513	0:0:31.5.0	TASK	run CMOVE-22
1513	0:0:31.5.0	TASK	run CMOVE-23
1513	0:0:31.5.0	TASK	run LUKNEW
1514	0:0:31.5.0	QUEUE	ready PLAYER
1514	0:0:31.5.1	TASK	run PLAYER
1515	0:0:31.5.1	QUEUE	ready PLAYER
1515	0:0:31.5.2	TASK	run PLAYER
1516	0:0:31.5.2	QUEUE	ready PLAYER
1516	0:0:31.5.3	TASK	run PLAYER
1517	0:0:31.5.3	QUEUE	ready PLAYER
1517	0:0:31.5.4	TASK	run PLAYER
1518	0:0:31.5.4	QUEUE	ready PLAYER
1518	0:0:31.5.5	TASK	run PLAYER
1519	0:0:31.5.5	QUEUE	ready HSLOW
1519	0:0:31.5.5	QUEUE	ready PLAYER
1519	0:0:31.6.0	TASK	run HSLOW
1519	0:0:31.6.0	TASK	run PLAYER
1520	0:0:31.6.0	QUEUE	ready PLAYER
1520	0:0:31.6.1	TASK	run PLAYER
1521	0:0:31.6.1	QUEUE	ready PLAYER
1521	0:0:31.6.2	TASK	run PLAYER
1522	0:0:31.6.2	QUEUE	ready PLAYER
1522	0:0:31.6.3	TASK	run PLAYER
1523	0:0:31.6.3	QUEUE	ready PLAYER
1523	0:0:31.6.4	TASK	run PLAYER
1524	0:0:31.6.4	QUEUE	ready PLAYER
1524	0:0:31.6.5	TASK	run PLAYER
1525	0:0:31.6.5	QUEUE	ready PLAYER
1525	0:0:31.6.0	QUEUE	ready CMOVE-6
1525	0:0:31.6.0	QUEUE	ready CMOVE-7
1525	0:0:31.6.0	QUEUE	ready CMOVE-9
1525	0:0:31.6.0	QUEUE	ready CMOVE-10
1525	0:0:31.6.0	QUEUE	ready CMOVE-11
1525	0:0:31.6.0	QUEUE	ready CMOVE-12
1525	0:0:31.6.0	QUEUE	ready CMOVE-13
1525	0:0:31.6.0	QUEUE	ready CMOVE-14
1525	0:0:31.7.0	TASK	run PLAYER
1525	0:0:31.7.0	LINE	"ATTACK RIGHT"
1525	0:0:31.7.0	EXERT	damage=0
1525	0:0:31.7.0	SOUND	class=4
1525	0:0:31.7.0	DARK	roll=17
1525	0:0:31.7.0	TASK	run CMOVE-6
1525	0:0:31.7.0	TASK	run CMOVE-7
1525	0:0:31.7.0	TASK	run CMOVE-9
1525	0:0:31.7.0	TASK	run CMOVE-10
1525	0:0:31.7.0	TASK	run CMOVE-11
1525	0:0:31.7.0	TASK	run CMOVE-12
1525	0:0:31.7.0	TASK	run CMOVE-13
1525	0:0:31.7.0	TASK	run CMOVE-14
1526	0:0:31.7.0	QUEUE	ready PLAYER
1526	0:0:31.7.1	TASK	run PLAYER
1527	0:0:31.7.1	QUEUE	ready PLAYER
1527	0:0:31.7.2	TASK	run PLAYER
1528	0:0:31.7.2	QUEUE	ready PLAYER
1528	0:0:31.7.3	TASK	run PLAYER
1529	0:0:31.7.3	QUEUE	ready PLAYER
1529	0:0:31.7.4	TASK	run PLAYER
1530	0:0:31.7.4	QUEUE	ready PLAYER
1530	0:0:31.7.5	TASK	run PLAYER
1531	0:0:31.7.5	QUEUE	ready PLAYER
1531	0:0:31.7.0	QUEUE	ready LUKNEW
1531	0:0:31.8.0	TASK	run PLAYER
1531	0:0:31.8.0	TASK	run LUKNEW
1532	0:0:31.8.0	QUEUE	ready PLAYER
1532	0:0:31.8.1	TASK	run PLAYER
1533	0:0:31.8.1	QUEUE	ready PLAYER
1533	0:0:31.8.2	TASK	run PLAYER
1534	0:0:31.8.2	QUEUE	ready PLAYER
1534	0:0:31.8.3	TASK	run PLAYER
1535	0:0:31.8.3	QUEUE	ready PLAYER
1535	0:0:31.8.4	TASK	run PLAYER
1536	0:0:31.8.4	QUEUE	ready PLAYER
1536	0:0:31.8.5	TASK	run PLAYER
1537	0:0:31.8.5	QUEUE	ready PLAYER
1537	0:0:31.9.0	TASK	run PLAYER
1538	0:0:31.9.0	QUEUE	ready PLAYER
1538	0:0:31.9.1	TASK	run PLAYER
1539	0:0:31.9.1	QUEUE	ready PLAYER
1539	0:0:31.9.2	TASK	run PLAYER
1540	0:0:31.9.2	QUEUE	ready PLAYER
1540	0:0:31.9.3	TASK	run PLAYER
1541	0:0:31.9.3	QUEUE	ready PLAYER
1541	0:0:31.9.4	TASK	run PLAYER
1541	0:0:31.9.4	LINE	"ATTACK RIGHT"
1541	0:0:31.9.4	EXERT	damage=0
1541	0:0:31.9.4	SOUND	class=4
1541	0:0:31.9.4	DARK	roll=181
1542	0:0:31.9.4	QUEUE	ready PLAYER
1542	0:0:31.9.5	TASK	run PLAYER
1543	0:0:31.9.5	QUEUE	ready PLAYER
1543	0:0:32.0.0	TASK	run PLAYER
1544	0:0:32.0.0	QUEUE	ready PLAYER
1544	0:0:32.0.1	TASK	run PLAYER
1545	0:0:32.0.1	QUEUE	ready PLAYER
1545	0:0:32.0.2	TASK	run PLAYER
1546	0:0:32.0.2	QUEUE	ready PLAYER
1546	0:0:32.0.3	TASK	run PLAYER
1547	0:0:32.0.3	QUEUE	ready PLAYER
1547	0:0:32.0.4	TASK	run PLAYER
1548	0:0:32.0.4	QUEUE	ready PLAYER
1548	0:0:32.0.5	TASK	run PLAYER
1549	0:0:32.0.5	QUEUE	ready PLAYER
1549	0:0:32.0.0	QUEUE	ready CMOVE-8
1549	0:0:32.0.0	QUEUE	ready LUKNEW
1549	0:0:32.1.0	TASK	run PLAYER
1549	0:0:32.1.0	TASK	run CMOVE-8
1549	0:0:32.1.0	SOUND	slot=8 type=1 vol=255
1549	0:0:32.1.0	HIT	slot=8 damage=35
1549	0:0:32.1.0	TASK	run LUKNEW
1550	0:0:32.1.0	QUEUE	ready PLAYER
1550	0:0:32.1.1	TASK	run PLAYER
1551	0:0:32.1.1	QUEUE	ready PLAYER
1551	0:0:32.1.2	TASK	run PLAYER
1552	0:0:32.1.2	QUEUE	ready PLAYER
1552	0:0:32.1.3	TASK	run PLAYER
1553	0:0:32.1.3	QUEUE	ready PLAYER
1553	0:0:32.1.4	TASK	run PLAYER
1554	0:0:32.1.4	QUEUE	ready PLAYER
1554	0:0:32.1.5	TASK	run PLAYER
1555	0:0:32.1.5	QUEUE	ready PLAYER
1555	0:0:32.2.0	TASK	run PLAYER
1556	0:0:32.2.0	QUEUE	ready PLAYER
1556	0:0:32.2.1	TASK	run PLAYER
1557	0:0:32.2.1	QUEUE	ready PLAYER
1557	0:0:32.2.2	TASK	run PLAYER
1557	0:0:32.2.2	LINE	"ATTACK RIGHT"
1557	0:0:32.2.2	EXERT	damage=35
1557	0:0:32.2.2	SOUND	class=4
1557	0:0:32.2.2	DARK	roll=193
1558	0:0:32.2.2	QUEUE	ready PLAYER
1558	0:0:32.2.3	TASK	run PLAYER
1559	0:0:32.2.3	QUEUE	ready PLAYER
1559	0:0:32.2.4	TASK	run PLAYER
1560	0:0:32.2.4	QUEUE	ready PLAYER
1560	0:0:32.2.5	TASK	run PLAYER
1561	0:0:32.2.5	QUEUE	ready PLAYER
1561	0:0:32.2.0	QUEUE	ready CMOVE-2
1561	0:0:32.2.0	QUEUE	ready CMOVE-3
1561	0:0:32.2.0	QUEUE	ready CMOVE-4
1561	0:0:32.2.0	QUEUE	ready CMOVE-5
1561	0:0:32.3.0	TASK	run PLAYER
1561	0:0:32.3.0	TASK	run CMOVE-2
1561	0:0:32.3.0	TASK	run CMOVE-3
1561	0:0:32.3.0	TASK	run CMOVE-4
1561	0:0:32.3.0	TASK	run CMOVE-5
1562	0:0:32.3.0	QUEUE	ready PLAYER
1562	0:0:32.3.1	TASK	run PLAYER
1563	0:0:32.3.1	QUEUE	ready PLAYER
1563	0:0:32.3.2	TASK	run PLAYER
1564	0:0:32.3.2	QUEUE	ready PLAYER
1564	0:0:32.3.3	TASK	run PLAYER
1565	0:0:32.3.3	QUEUE	ready HSLOW
1565	0:0:32.3.3	QUEUE	ready PLAYER
1565	0:0:32.3.4	TASK	run HSLOW
1565	0:0:32.3.4	TASK	run PLAYER
1566	0:0:32.3.4	QUEUE	ready PLAYER
1566	0:0:32.3.5	TASK	run PLAYER
1567	0:0:32.3.5	QUEUE	ready PLAYER
1567	0:0:32.3.0	QUEUE	ready LUKNEW
1567	0:0:32.4.0	TASK	run PLAYER
1567	0:0:32.4.0	TASK	run LUKNEW
1568	0:0:32.4.0	QUEUE	ready PLAYER
1568	0:0:32.4.1	TASK	run PLAYER
1569	0:0:32.4.1	QUEUE	ready PLAYER
1569	0:0:32.4.2	TASK	run PLAYER
1570	0:0:32.4.2	QUEUE	ready PLAYER
1570	0:0:32.4.3	TASK	run PLAYER
1571	0:0:32.4.3	QUEUE	ready PLAYER
1571	0:0:32.4.4	TASK	run PLAYER
1572	0:0:32.4.4	QUEUE	ready PLAYER
1572	0:0:32.4.5	TASK	run PLAYER
1573	0:0:32.4.5	QUEUE	ready PLAYER
1573	0:0:32.5.0	TASK	run PLAYER
1573	0:0:32.5.0	LINE	"ATTACK RIGHT"
1573	0:0:32.5.0	EXERT	damage=35
1573	0:0:32.5.0	SOUND	class=4
1573	0:0:32.5.0	DARK	roll=22
1574	0:0:32.5.0	QUEUE	ready PLAYER
1574	0:0:32.5.1	TASK	run PLAYER
1575	0:0:32.5.1	QUEUE	ready PLAYER
1575	0:0:32.5.2	TASK	run PLAYER
1576	0:0:32.5.2	QUEUE	ready PLAYER
1576	0:0:32.5.3	TASK	run PLAYER
1577	0:0:32.5.3	QUEUE	ready PLAYER
1577	0:0:32.5.4	TASK	run PLAYER
1578	0:0:32.5.4	QUEUE	ready PLAYER
1578	0:0:32.5.5	TASK	run PLAYER
1579	0:0:32.5.5	QUEUE	ready PLAYER
1579	0:0:32.6.0	TASK	run PLAYER
1580	0:0:32.6.0	QUEUE	ready PLAYER
1580	0:0:32.6.1	TASK	run PLAYER
1581	0:0:32.6.1	QUEUE	ready PLAYER
1581	0:0:32.6.2	TASK	run PLAYER
1582	0:0:32.6.2	QUEUE	ready PLAYER
1582	0:0:32.6.3	TASK	run PLAYER
1583	0:0:32.6.3	QUEUE	ready PLAYER
1583	0:0:32.6.4	TASK	run PLAYER
1584	0:0:32.6.4	QUEUE	ready PLAYER
1584	0:0:32.6.5	TASK	run PLAYER
1585	0:0:32.6.5	QUEUE	ready PLAYER
1585	0:0:32.6.0	QUEUE	ready LUKNEW
1585	0:0:32.7.0	TASK	run PLAYER
1585	0:0:32.7.0	TASK	run LUKNEW
1586	0:0:32.7.0	QUEUE	ready PLAYER
1586	0:0:32.7.1	TASK	run PLAYER
1587	0:0:32.7.1	QUEUE	ready PLAYER
1587	0:0:32.7.2	TASK	run PLAYER
1588	0:0:32.7.2	QUEUE	ready PLAYER
1588	0:0:32.7.3	TASK	run PLAYER
1589	0:0:32.7.3	QUEUE	ready PLAYER
1589	0:0:32.7.4	TASK	run PLAYER
1589	0:0:32.7.4	LINE	"ATTACK RIGHT"
1589	0:0:32.7.4	EXERT	damage=35
1589	0:0:32.7.4	SOUND	class=4
1589	0:0:32.7.4	MISS	slot=8
1590	0:0:32.7.4	QUEUE	ready PLAYER
1590	0:0:32.7.5	TASK	run PLAYER
1591	0:0:32.7.5	QUEUE	ready HSLOW
1591	0:0:32.7.5	QUEUE	ready PLAYER
1591	0:0:32.7.0	QUEUE	ready CMOVE-8
1591	0:0:32.8.0	TASK	run HSLOW
1591	0:0:32.8.0	TASK	run PLAYER
1591	0:0:32.8.0	TASK	run CMOVE-8
1591	0:0:32.8.0	SOUND	slot=8 type=1 vol=255
1591	0:0:32.8.0	HIT	slot=8 damage=70
1592	0:0:32.8.0	QUEUE	ready PLAYER
1592	0:0:32.8.1	TASK	run PLAYER
1593	0:0:32.8.1	QUEUE	ready PLAYER
1593	0:0:32.8.2	TASK	run PLAYER
1594	0:0:32.8.2	QUEUE	ready PLAYER
1594	0:0:32.8.3	TASK	run PLAYER
1595	0:0:32.8.3	QUEUE	ready PLAYER
1595	0:0:32.8.4	TASK	run PLAYER
1596	0:0:32.8.4	QUEUE	ready PLAYER
1596	0:0:32.8.5	TASK	run PLAYER
1597	0:0:32.8.5	QUEUE	ready PLAYER
1597	0:0:32.9.0	TASK	run PLAYER
1598	0:0:32.9.0	QUEUE	ready PLAYER
1598	0:0:32.9.1	TASK	run PLAYER
1599	0:0:32.9.1	QUEUE	ready PLAYER
1599	0:0:32.9.2	TASK	run PLAYER
1600	0:0:32.9.2	QUEUE	ready PLAYER
1600	0:0:32.9.3	TASK	run PLAYER
1601	0:0:32.9.3	QUEUE	ready PLAYER
1601	0:0:32.9.4	TASK	run PLAYER
1602	0:0:32.9.4	QUEUE	ready PLAYER
1602	0:0:32.9.5	TASK	run PLAYER
1603	0:0:32.9.5	QUEUE	ready PLAYER
1603	0:0:32.9.0	QUEUE	ready LUKNEW
1603	0:0:33.0.0	TASK	run PLAYER
1603	0:0:33.0.0	TASK	run LUKNEW
1604	0:0:33.0.0	QUEUE	ready PLAYER
1604	0:0:33.0.1	TASK	run PLAYER
1605	0:0:33.0.1	QUEUE	ready PLAYER
1605	0:0:33.0.2	TASK	run PLAYER
1605	0:0:33.0.2	LINE	"ATTACK RIGHT"
1605	0:0:33.0.2	EXERT	damage=70
1605	0:0:33.0.2	SOUND	class=4
1605	0:0:33.0.2	DARK	roll=182
1606	0:0:33.0.2	QUEUE	ready PLAYER
1606	0:0:33.0.3	TASK	run PLAYER
1607	0:0:33.0.3	QUEUE	ready PLAYER
1607	0:0:33.0.4	TASK	run PLAYER
1608	0:0:33.0.4	QUEUE	ready PLAYER
1608	0:0:33.0.5	TASK	run PLAYER
1609	0:0:33.0.5	QUEUE	ready PLAYER
1609	0:0:33.1.0	TASK	run PLAYER
1610	0:0:33.1.0	QUEUE	ready PLAYER
1610	0:0:33.1.1	TASK	run PLAYER
1611	0:0:33.1.1	QUEUE	ready PLAYER
1611	0:0:33.1.2	TASK	run PLAYER
1612	0:0:33.1.2	QUEUE	ready PLAYER
1612	0:0:33.1.3	TASK	run PLAYER
1613	0:0:33.1.3	QUEUE	ready PLAYER
1613	0:0:33.1.4	TASK	run PLAYER
1614	0:0:33.1.4	QUEUE	ready PLAYER
1614	0:0:33.1.5	TASK	run PLAYER
1615	0:0:33.1.5	QUEUE	ready PLAYER
1615	0:0:33.1.0	QUEUE	ready CMOVE-6
1615	0:0:33.1.0	QUEUE	ready CMOVE-7
1615	0:0:33.1.0	QUEUE	ready CMOVE-9
1615	0:0:33.1.0	QUEUE	ready CMOVE-10
1615	0:0:33.1.0	QUEUE	ready CMOVE-11
1615	0:0:33.1.0	QUEUE	ready CMOVE-12
1615	0:0:33.1.0	QUEUE	ready CMOVE-13
1615	0:0:33.1.0	QUEUE	ready CMOVE-14
1615	0:0:33.2.0	TASK	run PLAYER
1615	0:0:33.2.0	TASK	run CMOVE-6
1615	0:0:33.2.0	TASK	run CMOVE-7
1615	0:0:33.2.0	TASK	run CMOVE-9
1615	0:0:33.2.0	TASK	run CMOVE-10
1615	0:0:33.2.0	TASK	run CMOVE-11
1615	0:0:33.2.0	TASK	run CMOVE-12
1615	0:0:33.2.0	TASK	run CMOVE-13
1615	0:0:33.2.0	TASK	run CMOVE-14
1616	0:0:33.2.0	QUEUE	ready PLAYER
1616	0:0:33.2.1	TASK	run PLAYER
1617	0:0:33.2.1	QUEUE	ready HSLOW
1617	0:0:33.2.1	QUEUE	ready PLAYER
1617	0:0:33.2.2	TASK	run HSLOW
1617	0:0:33.2.2	TASK	run PLAYER
1618	0:0:33.2.2	QUEUE	ready PLAYER
1618	0:0:33.2.3	TASK	run PLAYER
1619	0:0:33.2.3	QUEUE	ready PLAYER
1619	0:0:33.2.4	TASK	run PLAYER
1620	0:0:33.2.4	QUEUE	ready PLAYER
1620	0:0:33.2.5	TASK	run PLAYER
1621	0:0:33.2.5	QUEUE	ready PLAYER
1621	0:0:33.2.0	QUEUE	ready LUKNEW
1621	0:0:33.3.0	TASK	run PLAYER
1621	0:0:33.3.0	LINE	"ATTACK RIGHT"
1621	0:0:33.3.0	EXERT	damage=69
1621	0:0:33.3.0	SOUND	class=4
1621	0:0:33.3.0	DARK	roll=98
1621	0:0:33.3.0	TASK	run LUKNEW
1622	0:0:33.3.0	QUEUE	ready PLAYER
1622	0:0:33.3.1	TASK	run PLAYER
1623	0:0:33.3.1	QUEUE	ready PLAYER
1623	0:0:33.3.2	TASK	run PLAYER
1624	0:0:33.3.2	QUEUE	ready PLAYER
1624	0:0:33.3.3	TASK	run PLAYER
1625	0:0:33.3.3	QUEUE	ready PLAYER
1625	0:0:33.3.4	TASK	run PLAYER
1626	0:0:33.3.4	QUEUE	ready PLAYER
1626	0:0:33.3.5	TASK	run PLAYER
1627	0:0:33.3.5	QUEUE	ready PLAYER
1627	0:0:33.4.0	TASK	run PLAYER
1628	0:0:33.4.0	QUEUE	ready PLAYER
1628	0:0:33.4.1	TASK	run PLAYER
1629	0:0:33.4.1	QUEUE	ready PLAYER
1629	0:0:33.4.2	TASK	run PLAYER
1630	0:0:33.4.2	QUEUE	ready PLAYER
1630	0:0:33.4.3	TASK	run PLAYER
1631	0:0:33.4.3	QUEUE	ready PLAYER
1631	0:0:33.4.4	TASK	run PLAYER
1632	0:0:33.4.4	QUEUE	ready PLAYER
1632	0:0:33.4.5	TASK	run PLAYER
1633	0:0:33.4.5	QUEUE	ready HSLOW
1633	0:0:33.4.5	QUEUE	ready PLAYER
1633	0:0:33.4.0	QUEUE	ready CMOVE-8
1633	0:0:33.5.0	TASK	run HSLOW
1633	0:0:33.5.0	TASK	run PLAYER
1633	0:0:33.5.0	TASK	run CMOVE-8
1633	0:0:33.5.0	SOUND	slot=8 type=1 vol=255
1633	0:0:33.5.0	HIT	slot=8 damage=103
1634	0:0:33.5.0	QUEUE	ready PLAYER
1634	0:0:33.5.1	TASK	run PLAYER
1635	0:0:33.5.1	QUEUE	ready PLAYER
1635	0:0:33.5.2	TASK	run PLAYER
1636	0:0:33.5.2	QUEUE	ready PLAYER
1636	0:0:33.5.3	TASK	run PLAYER
1637	0:0:33.5.3	QUEUE	ready PLAYER
1637	0:0:33.5.4	TASK	run PLAYER
1637	0:0:33.5.4	LINE	"ATTACK RIGHT"
1637	0:0:33.5.4	EXERT	damage=103
1637	0:0:33.5.4	SOUND	class=4
1637	0:0:33.5.4	HIT	slot=8
1637	0:0:33.5.4	DAMAGE	slot=8 damage=36
1638	0:0:33.5.4	QUEUE	ready PLAYER
1638	0:0:33.5.5	TASK	run PLAYER
1639	0:0:33.5.5	QUEUE	ready PLAYER
1639	0:0:33.5.0	QUEUE	ready LUKNEW
1639	0:0:33.6.0	TASK	run PLAYER
1639	0:0:33.6.0	TASK	run LUKNEW
1640	0:0:33.6.0	QUEUE	ready PLAYER
1640	0:0:33.6.1	TASK	run PLAYER
1641	0:0:33.6.1	QUEUE	ready PLAYER
1641	0:0:33.6.2	TASK	run PLAYER
1642	0:0:33.6.2	QUEUE	ready PLAYER
1642	0:0:33.6.3	TASK	run PLAYER
1643	0:0:33.6.3	QUEUE	ready PLAYER
1643	0:0:33.6.4	TASK	run PLAYER
1644	0:0:33.6.4	QUEUE	ready PLAYER
1644	0:0:33.6.5	TASK	run PLAYER
1645	0:0:33.6.5	QUEUE	ready PLAYER
1645	0:0:33.7.0	TASK	run PLAYER
1646	0:0:33.7.0	QUEUE	ready PLAYER
1646	0:0:33.7.1	TASK	run PLAYER
1647	0:0:33.7.1	QUEUE	ready PLAYER
1647	0:0:33.7.2	TASK	run PLAYER
1648	0:0:33.7.2	QUEUE	ready PLAYER
1648	0:0:33.7.3	TASK	run PLAYER
1649	0:0:33.7.3	QUEUE	ready HSLOW
1649	0:0:33.7.3	QUEUE	ready PLAYER
1649	0:0:33.7.4	TASK	run HSLOW
1649	0:0:33.7.4	TASK	run PLAYER
1650	0:0:33.7.4	QUEUE	ready PLAYER
1650	0:0:33.7.5	TASK	run PLAYER
1651	0:0:33.7.5	QUEUE	ready PLAYER
1651	0:0:33.7.0	QUEUE	ready CMOVE-15
1651	0:0:33.7.0	QUEUE	ready CMOVE-16
1651	0:0:33.7.0	QUEUE	ready CMOVE-17
1651	0:0:33.7.0	QUEUE	ready CMOVE-18
1651	0:0:33.7.0	QUEUE	ready CMOVE-19
1651	0:0:33.7.0	QUEUE	ready CMOVE-20
1651	0:0:33.7.0	QUEUE	ready CMOVE-21
1651	0:0:33.7.0	QUEUE	ready CMOVE-22
1651	0:0:33.7.0	QUEUE	ready CMOVE-23
1651	0:0:33.8.0	TASK	run PLAYER
1651	0:0:33.8.0	TASK	run CMOVE-15
1651	0:0:33.8.0	TASK	run CMOVE-16
1651	0:0:33.8.0	TASK	run CMOVE-17
1651	0:0:33.8.0	TASK	run CMOVE-18
1651	0:0:33.8.0	TASK	run CMOVE-19
1651	0:0:33.8.0	TASK	run CMOVE-20
1651	0:0:33.8.0	TASK	run CMOVE-21
1651	0:0:33.8.0	TASK	run CMOVE-22
1651	0:0:33.8.0	TASK	run CMOVE-23
1652	0:0:33.8.0	QUEUE	ready PLAYER
1652	0:0:33.8.1	TASK	run PLAYER
1653	0:0:33.8.1	QUEUE	ready PLAYER
1653	0:0:33.8.2	TASK	run PLAYER
1653	0:0:33.8.2	LINE	"ATTACK RIGHT"
1653	0:0:33.8.2	EXERT	damage=102
1653	0:0:33.8.2	SOUND	class=4
1653	0:0:33.8.2	HIT	slot=8
1653	0:0:33.8.2	DAMAGE	slot=8 damage=42
1654	0:0:33.8.2	QUEUE	ready PLAYER
1654	0:0:33.8.3	TASK	run PLAYER
1655	0:0:33.8.3	QUEUE	ready PLAYER
1655	0:0:33.8.4	TASK	run PLAYER
1656	0:0:33.8.4	QUEUE	ready PLAYER
1656	0:0:33.8.5	TASK	run PLAYER
1657	0:0:33.8.5	QUEUE	ready PLAYER
1657	0:0:33.8.0	QUEUE	ready LUKNEW
1657	0:0:33.9.0	TASK	run PLAYER
1657	0:0:33.9.0	TASK	run LUKNEW
1658	0:0:33.9.0	QUEUE	ready PLAYER
1658	0:0:33.9.1	TASK	run PLAYER
1659	0:0:33.9.1	QUEUE	ready HSLOW
1659	0:0:33.9.1	QUEUE	ready PLAYER
1659	0:0:33.9.2	TASK	run HSLOW
1659	0:0:33.9.2	TASK	run PLAYER
1660	0:0:33.9.2	QUEUE	ready PLAYER
1660	0:0:33.9.3	TASK	run PLAYER
1661	0:0:33.9.3	QUEUE	ready PLAYER
1661	0:0:33.9.4	TASK	run PLAYER
1662	0:0:33.9.4	QUEUE	ready PLAYER
1662	0:0:33.9.5	TASK	run PLAYER
1663	0:0:33.9.5	QUEUE	ready PLAYER
1663	0:0:34.0.0	TASK	run PLAYER
1664	0:0:34.0.0	QUEUE	ready PLAYER
1664	0:0:34.0.1	TASK	run PLAYER
1665	0:0:34.0.1	QUEUE	ready PLAYER
1665	0:0:34.0.2	TASK	run PLAYER
1666	0:0:34.0.2	QUEUE	ready PLAYER
1666	0:0:34.0.3	TASK	run PLAYER
1667	0:0:34.0.3	QUEUE	ready PLAYER
1667	0:0:34.0.4	TASK	run PLAYER
1668	0:0:34.0.4	QUEUE	ready PLAYER
1668	0:0:34.0.5	TASK	run PLAYER
1669	0:0:34.0.5	QUEUE	ready HSLOW
1669	0:0:34.0.5	QUEUE	ready PLAYER
1669	0:0:34.0.0	QUEUE	ready CMOVE-0
1669	0:0:34.0.0	QUEUE	ready CMOVE-1
1669	0:0:34.1.0	TASK	run HSLOW
1669	0:0:34.1.0	TASK	run PLAYER
1669	0:0:34.1.0	LINE	"ATTACK RIGHT"
1669	0:0:34.1.0	EXERT	damage=100
1669	0:0:34.1.0	SOUND	class=4
1669	0:0:34.1.0	HIT	slot=8
1669	0:0:34.1.0	DAMAGE	slot=8 damage=48
1669	0:0:34.1.0	TASK	run CMOVE-0
1669	0:0:34.1.0	TASK	run CMOVE-1
1670	0:0:34.1.0	QUEUE	ready PLAYER
1670	0:0:34.1.1	TASK	run PLAYER
1671	0:0:34.1.1	QUEUE	ready PLAYER
1671	0:0:34.1.2	TASK	run PLAYER
1672	0:0:34.1.2	QUEUE	ready PLAYER
1672	0:0:34.1.3	TASK	run PLAYER
1673	0:0:34.1.3	QUEUE	ready PLAYER
1673	0:0:34.1.4	TASK	run PLAYER
1674	0:0:34.1.4	QUEUE	ready PLAYER
1674	0:0:34.1.5	TASK	run PLAYER
1675	0:0:34.1.5	QUEUE	ready PLAYER
1675	0:0:34.1.0	QUEUE	ready CMOVE-8
1675	0:0:34.1.0	QUEUE	ready LUKNEW
1675	0:0:34.2.0	TASK	run PLAYER
1675	0:0:34.2.0	TASK	run CMOVE-8
1675	0:0:34.2.0	SOUND	slot=8 type=1 vol=255
1675	0:0:34.2.0	HIT	slot=8 damage=135
1675	0:0:34.2.0	TASK	run LUKNEW
1676	0:0:34.2.0	QUEUE	ready PLAYER
1676	0:0:34.2.1	TASK	run PLAYER
1677	0:0:34.2.1	QUEUE	ready PLAYER
1677	0:0:34.2.2	TASK	run PLAYER
1678	0:0:34.2.2	QUEUE	ready PLAYER
1678	0:0:34.2.3	TASK	run PLAYER
1679	0:0:34.2.3	QUEUE	ready HSLOW
1679	0:0:34.2.3	QUEUE	ready PLAYER
1679	0:0:34.2.4	TASK	run HSLOW
1679	0:0:34.2.4	TASK	run PLAYER
1680	0:0:34.2.4	QUEUE	ready PLAYER
1680	0:0:34.2.5	TASK	run PLAYER
1681	0:0:34.2.5	QUEUE	ready PLAYER
1681	0:0:34.3.0	TASK	run PLAYER
1682	0:0:34.3.0	QUEUE	ready PLAYER
1682	0:0:34.3.1	TASK	run PLAYER
1683	0:0:34.3.1	QUEUE	ready PLAYER
1683	0:0:34.3.2	TASK	run PLAYER
1684	0:0:34.3.2	QUEUE	ready PLAYER
1684	0:0:34.3.3	TASK	run PLAYER
1685	0:0:34.3.3	QUEUE	ready HSLOW
1685	0:0:34.3.3	QUEUE	ready PLAYER
1685	0:0:34.3.4	TASK	run HSLOW
1685	0:0:34.3.4	TASK	run PLAYER
1685	0:0:34.3.4	LINE	"ATTACK RIGHT"
1685	0:0:34.3.4	EXERT	damage=131
1685	0:0:34.3.4	SOUND	class=4
1685	0:0:34.3.4	DARK	roll=89
1686	0:0:34.3.4	QUEUE	ready PLAYER
1686	0:0:34.3.5	TASK	run PLAYER
1687	0:0:34.3.5	QUEUE	ready PLAYER
1687	0:0:34.4.0	TASK	run PLAYER
1688	0:0:34.4.0	QUEUE	ready PLAYER
1688	0:0:34.4.1	TASK	run PLAYER
1689	0:0:34.4.1	QUEUE	ready PLAYER
1689	0:0:34.4.2	TASK	run PLAYER
1690	0:0:34.4.2	QUEUE	ready PLAYER
1690	0:0:34.4.3	TASK	run PLAYER
1691	0:0:34.4.3	QUEUE	ready HSLOW
1691	0:0:34.4.3	QUEUE	ready PLAYER
1691	0:0:34.4.4	TASK	run HSLOW
1691	0:0:34.4.4	TASK	run PLAYER
1692	0:0:34.4.4	QUEUE	ready PLAYER
1692	0:0:34.4.5	TASK	run PLAYER
1693	0:0:34.4.5	QUEUE	ready PLAYER
1693	0:0:34.4.0	QUEUE	ready LUKNEW
1693	0:0:34.5.0	TASK	run PLAYER
1693	0:0:34.5.0	TASK	run LUKNEW
1694	0:0:34.5.0	QUEUE	ready PLAYER
1694	0:0:34.5.1	TASK	run PLAYER
1695	0:0:34.5.1	QUEUE	ready PLAYER
1695	0:0:34.5.2	TASK	run PLAYER
1696	0:0:34.5.2	QUEUE	ready PLAYER
1696	0:0:34.5.3	TASK	run PLAYER
1697	0:0:34.5.3	QUEUE	ready HSLOW
1697	0:0:34.5.3	QUEUE	ready PLAYER
1697	0:0:34.5.4	TASK	run HSLOW
1697	0:0:34.5.4	TASK	run PLAYER
1698	0:0:34.5.4	QUEUE	ready PLAYER
1698	0:0:34.5.5	TASK	run PLAYER
1699	0:0:34.5.5	QUEUE	ready PLAYER
1699	0:0:34.6.0	TASK	run PLAYER
1700	0:0:34.6.0	QUEUE	ready PLAYER
1700	0:0:34.6.1	TASK	run PLAYER
1701	0:0:34.6.1	QUEUE	ready PLAYER
1701	0:0:34.6.2	TASK	run PLAYER
1701	0:0:34.6.2	LINE	"ATTACK RIGHT"
1701	0:0:34.6.2	EXERT	damage=127
1701	0:0:34.6.2	SOUND	class=4
1701	0:0:34.6.2	HIT	slot=8
1701	0:0:34.6.2	DAMAGE	slot=8 damage=54
1702	0:0:34.6.2	QUEUE	ready PLAYER
1702	0:0:34.6.3	TASK	run PLAYER
1703	0:0:34.6.3	QUEUE	ready HSLOW
1703	0:0:34.6.3	QUEUE	ready PLAYER
1703	0:0:34.6.4	TASK	run HSLOW
1703	0:0:34.6.4	TASK	run PLAYER
1704	0:0:34.6.4	QUEUE	ready PLAYER
1704	0:0:34.6.5	TASK	run PLAYER
1705	0:0:34.6.5	QUEUE	ready PLAYER
1705	0:0:34.6.0	QUEUE	ready CMOVE-6
1705	0:0:34.6.0	QUEUE	ready CMOVE-7
1705	0:0:34.6.0	QUEUE	ready CMOVE-9
1705	0:0:34.6.0	QUEUE	ready CMOVE-10
1705	0:0:34.6.0	QUEUE	ready CMOVE-11
1705	0:0:34.6.0	QUEUE	ready CMOVE-12
1705	0:0:34.6.0	QUEUE	ready CMOVE-13
1705	0:0:34.6.0	QUEUE	ready CMOVE-14
1705	0:0:34.7.0	TASK	run PLAYER
1705	0:0:34.7.0	TASK	run CMOVE-6
1705	0:0:34.7.0	TASK	run CMOVE-7
1705	0:0:34.7.0	TASK	run CMOVE-9
1705	0:0:34.7.0	TASK	run CMOVE-10
1705	0:0:34.7.0	TASK	run CMOVE-11
1705	0:0:34.7.0	TASK	run CMOVE-12
1705	0:0:34.7.0	TASK	run CMOVE-13
1705	0:0:34.7.0	TASK	run CMOVE-14
1706	0:0:34.7.0	QUEUE	ready PLAYER
1706	0:0:34.7.1	TASK	run PLAYER
1707	0:0:34.7.1	QUEUE	ready PLAYER
1707	0:0:34.7.2	TASK	run PLAYER
1708	0:0:34.7.2	QUEUE	ready PLAYER
1708	0:0:34.7.3	TASK	run PLAYER
1709	0:0:34.7.3	QUEUE	ready HSLOW
1709	0:0:34.7.3	QUEUE	ready PLAYER
1709	0:0:34.7.4	TASK	run HSLOW
1709	0:0:34.7.4	TASK	run PLAYER
1710	0:0:34.7.4	QUEUE	ready PLAYER
1710	0:0:34.7.5	TASK	run PLAYER
1711	0:0:34.7.5	QUEUE	ready PLAYER
1711	0:0:34.7.0	QUEUE	ready LUKNEW
1711	0:0:34.8.0	TASK	run PLAYER
1711	0:0:34.8.0	TASK	run LUKNEW
1712	0:0:34.8.0	QUEUE	ready PLAYER
1712	0:0:34.8.1	TASK	run PLAYER
1713	0:0:34.8.1	QUEUE	ready PLAYER
1713	0:0:34.8.2	TASK	run PLAYER
1714	0:0:34.8.2	QUEUE	ready PLAYER
1714	0:0:34.8.3	TASK	run PLAYER
1715	0:0:34.8.3	QUEUE	ready HSLOW
1715	0:0:34.8.3	QUEUE	ready PLAYER
1715	0:0:34.8.4	TASK	run HSLOW
1715	0:0:34.8.4	TASK	run PLAYER
1716	0:0:34.8.4	QUEUE	ready PLAYER
1716	0:0:34.8.5	TASK	run PLAYER
1717	0:0:34.8.5	QUEUE	ready PLAYER
1717	0:0:34.8.0	QUEUE	ready CMOVE-8
1717	0:0:34.9.0	TASK	run PLAYER
1717	0:0:34.9.0	LINE	"ATTACK RIGHT"
1717	0:0:34.9.0	EXERT	damage=124
1717	0:0:34.9.0	SOUND	class=4
1717	0:0:34.9.0	DARK	roll=178
1717	0:0:34.9.0	TASK	run CMOVE-8
1717	0:0:34.9.0	FAINT	heart_rate=3
1717	0:0:34.9.0	SOUND	slot=8 type=1 vol=255
1717	0:0:34.9.0	HIT	slot=8 damage=159
1718	0:0:34.9.0	QUEUE	ready PLAYER
1718	0:0:34.9.1	TASK	run PLAYER
1719	0:0:34.9.1	QUEUE	ready PLAYER
1719	0:0:34.9.2	TASK	run PLAYER
1720	0:0:34.9.2	QUEUE	ready PLAYER
1720	0:0:34.9.3	TASK	run PLAYER
1721	0:0:34.9.3	QUEUE	ready PLAYER
1721	0:0:34.9.4	TASK	run PLAYER
1722	0:0:34.9.4	QUEUE	ready HSLOW
1722	0:0:34.9.4	QUEUE	ready PLAYER
1722	0:0:34.9.5	TASK	run HSLOW
1722	0:0:34.9.5	TASK	run PLAYER
1723	0:0:34.9.5	QUEUE	ready PLAYER
1723	0:0:35.0.0	TASK	run PLAYER
1724	0:0:35.0.0	QUEUE	ready PLAYER
1724	0:0:35.0.1	TASK	run PLAYER
1725	0:0:35.0.1	QUEUE	ready HSLOW
1725	0:0:35.0.1	QUEUE	ready PLAYER
1725	0:0:35.0.2	TASK	run HSLOW
1725	0:0:35.0.2	TASK	run PLAYER
1726	0:0:35.0.2	QUEUE	ready PLAYER
1726	0:0:35.0.3	TASK	run PLAYER
1727	0:0:35.0.3	QUEUE	ready PLAYER
1727	0:0:35.0.4	TASK	run PLAYER
1728	0:0:35.0.4	QUEUE	ready HSLOW
1728	0:0:35.0.4	QUEUE	ready PLAYER
1728	0:0:35.0.5	TASK	run HSLOW
1728	0:0:35.0.5	TASK	run PLAYER
1729	0:0:35.0.5	QUEUE	ready PLAYER
1729	0:0:35.0.0	QUEUE	ready LUKNEW
1729	0:0:35.1.0	TASK	run PLAYER
1729	0:0:35.1.0	TASK	run LUKNEW
1730	0:0:35.1.0	QUEUE	ready PLAYER
1730	0:0:35.1.1	TASK	run PLAYER
1731	0:0:35.1.1	QUEUE	ready HSLOW
1731	0:0:35.1.1	QUEUE	ready PLAYER
1731	0:0:35.1.2	TASK	run HSLOW
1731	0:0:35.1.2	TASK	run PLAYER
1732	0:0:35.1.2	QUEUE	ready PLAYER
1732	0:0:35.1.3	TASK	run PLAYER
1733	0:0:35.1.3	QUEUE	ready PLAYER
1733	0:0:35.1.4	TASK	run PLAYER
1734	0:0:35.1.4	QUEUE	ready PLAYER
1734	0:0:35.1.5	TASK	run PLAYER
1735	0:0:35.1.5	QUEUE	ready HSLOW
1735	0:0:35.1.5	QUEUE	ready PLAYER
1735	0:0:35.1.0	QUEUE	ready CMOVE-2
1735	0:0:35.1.0	QUEUE	ready CMOVE-3
1735	0:0:35.1.0	QUEUE	ready CMOVE-4
1735	0:0:35.1.0	QUEUE	ready CMOVE-5
1735	0:0:35.2.0	TASK	run HSLOW
1735	0:0:35.2.0	TASK	run PLAYER
1735	0:0:35.2.0	TASK	run CMOVE-2
1735	0:0:35.2.0	TASK	run CMOVE-3
1735	0:0:35.2.0	TASK	run CMOVE-4
1735	0:0:35.2.0	TASK	run CMOVE-5
1736	0:0:35.2.0	QUEUE	ready PLAYER
1736	0:0:35.2.1	TASK	run PLAYER
1737	0:0:35.2.1	QUEUE	ready PLAYER
1737	0:0:35.2.2	TASK	run PLAYER
1738	0:0:35.2.2	QUEUE	ready PLAYER
1738	0:0:35.2.3	TASK	run PLAYER
1739	0:0:35.2.3	QUEUE	ready HSLOW
1739	0:0:35.2.3	QUEUE	ready PLAYER
1739	0:0:35.2.4	TASK	run HSLOW
1739	0:0:35.2.4	TASK	run PLAYER
1740	0:0:35.2.4	QUEUE	ready PLAYER
1740	0:0:35.2.5	TASK	run PLAYER
1741	0:0:35.2.5	QUEUE	ready PLAYER
1741	0:0:35.3.0	TASK	run PLAYER
1742	0:0:35.3.0	QUEUE	ready PLAYER
1742	0:0:35.3.1	TASK	run PLAYER
1743	0:0:35.3.1	QUEUE	ready HSLOW
1743	0:0:35.3.1	QUEUE	ready PLAYER
1743	0:0:35.3.2	TASK	run HSLOW
1743	0:0:35.3.2	TASK	run PLAYER
1744	0:0:35.3.2	QUEUE	ready PLAYER
1744	0:0:35.3.3	TASK	run PLAYER
1745	0:0:35.3.3	QUEUE	ready PLAYER
1745	0:0:35.3.4	TASK	run PLAYER
1746	0:0:35.3.4	QUEUE	ready PLAYER
1746	0:0:35.3.5	TASK	run PLAYER
1747	0:0:35.3.5	QUEUE	ready HSLOW
1747	0:0:35.3.5	QUEUE	ready PLAYER
1747	0:0:35.3.0	QUEUE	ready LUKNEW
1747	0:0:35.4.0	TASK	run HSLOW
1747	0:0:35.4.0	TASK	run PLAYER
1747	0:0:35.4.0	TASK	run LUKNEW
1748	0:0:35.4.0	QUEUE	ready PLAYER
1748	0:0:35.4.1	TASK	run PLAYER
1749	0:0:35.4.1	QUEUE	ready PLAYER
1749	0:0:35.4.2	TASK	run PLAYER
1750	0:0:35.4.2	QUEUE	ready PLAYER
1750	0:0:35.4.3	TASK	run PLAYER
1751	0:0:35.4.3	QUEUE	ready HSLOW
1751	0:0:35.4.3	QUEUE	ready PLAYER
1751	0:0:35.4.4	TASK	run HSLOW
1751	0:0:35.4.4	REVIVE	heart_rate=5
1751	0:0:35.4.4	TASK	run PLAYER
1752	0:0:35.4.4	QUEUE	ready PLAYER
1752	0:0:35.4.5	TASK	run PLAYER
1753	0:0:35.4.5	QUEUE	ready PLAYER
1753	0:0:35.5.0	TASK	run PLAYER
1754	0:0:35.5.0	QUEUE	ready PLAYER
1754	0:0:35.5.1	TASK	run PLAYER
1755	0:0:35.5.1	QUEUE	ready PLAYER
1755	0:0:35.5.2	TASK	run PLAYER
1756	0:0:35.5.2	QUEUE	ready HSLOW
1756	0:0:35.5.2	QUEUE	ready PLAYER
1756	0:0:35.5.3	TASK	run HSLOW
1756	0:0:35.5.3	TASK	run PLAYER
1757	0:0:35.5.3	QUEUE	ready PLAYER
1757	0:0:35.5.4	TASK	run PLAYER
1758	0:0:35.5.4	QUEUE	ready PLAYER
1758	0:0:35.5.5	TASK	run PLAYER
1759	0:0:35.5.5	QUEUE	ready PLAYER
1759	0:0:35.5.0	QUEUE	ready CMOVE-8
1759	0:0:35.6.0	TASK	run PLAYER
1759	0:0:35.6.0	TASK	run CMOVE-8
1759	0:0:35.6.0	FAINT	heart_rate=2
1759	0:0:35.6.0	DEATH	power=160 damage=174
1759	0:0:35.6.0	SOUND	slot=8 type=1 vol=255
1759	0:0:35.6.0	HIT	slot=8 damage=174
# final	row=16	col=11	dir=0	damage=174
